日期,开盘,收盘,最高,最低,成交量
2021-03-01,2.6143312,2.6408278,2.6584922,2.561338,386818048.0
2021-03-02,2.605499,2.4906804,2.605499,2.4641838,435357536.0
2021-03-03,2.5260092,2.5348414,2.561338,2.4906804,305006336.0
2021-03-04,2.4906804,2.5790024,2.7114854,2.4641838,486304896.0
2021-03-05,2.4906804,2.5260092,2.5525058,2.4200228,315074880.0
2021-03-08,2.5790024,2.4818482,2.5966668,2.4818482,239944446.0
2021-03-09,2.4818482,2.6143312,2.7203176,2.4111906,532561792.0
2021-03-10,2.5701702,2.5436736,2.6319956,2.5083448,299353248.0
2021-03-11,2.5436736,2.737982,2.7733108,2.5348414,571320848.0
2021-03-12,2.6849888,2.6673244,2.693821,2.6231634,389672208.0
2021-03-15,2.6849888,2.6849888,2.737982,2.6319956,306704880.0
2021-03-16,2.6584922,2.5966668,2.6673244,2.561338,283576192.0
2021-03-17,2.5436736,2.561338,2.5790024,2.4906804,211844812.0
2021-03-18,2.5966668,2.517177,2.6143312,2.517177,170696365.0
2021-03-19,2.473016,2.5260092,2.5348414,2.4641838,176489149.0
2021-03-22,2.5083448,2.5348414,2.5701702,2.4995126,146816024.0
2021-03-23,2.5436736,2.4553516,2.561338,2.4465194,176224646.0
2021-03-24,2.4023584,2.3493652,2.4465194,2.340533,188581105.0
2021-03-25,2.3228686,2.3317008,2.384694,2.3228686,101587584.0
2021-03-26,2.3317008,2.384694,2.384694,2.3317008,117637728.0
2021-03-29,2.3935262,2.384694,2.4023584,2.3493652,103706485.0
2021-03-30,2.3758618,2.4023584,2.4200228,2.3317008,121681970.0
2021-03-31,2.3758618,2.3581974,2.384694,2.340533,83166428.0
2021-04-01,2.3581974,2.3758618,2.384694,2.340533,80986747.0
2021-04-02,2.3758618,2.3935262,2.4111906,2.340533,121028393.0
2021-04-06,2.4200228,2.4111906,2.4553516,2.4023584,136226859.0
2021-04-07,2.384694,2.428855,2.4376872,2.3670296,120211037.0
2021-04-08,2.4553516,2.5966668,2.6761566,2.4465194,567492320.0
2021-04-09,2.561338,2.517177,2.5701702,2.4995126,299813504.0
2021-04-12,2.5083448,2.473016,2.5348414,2.4553516,189868607.0
2021-04-13,2.4641838,2.4906804,2.4906804,2.4376872,117105110.0
2021-04-14,2.4906804,2.4906804,2.5083448,2.4465194,113402255.0
2021-04-15,2.517177,2.5878346,2.5966668,2.4995126,294394064.0
2021-04-16,2.6408278,2.561338,2.6584922,2.5525058,254836059.0
2021-04-19,2.5436736,2.605499,2.6231634,2.5260092,257274979.0
2021-04-20,2.5790024,2.5436736,2.5790024,2.5348414,210778428.0
2021-04-21,2.5083448,2.4995126,2.517177,2.4641838,140009176.0
2021-04-22,2.5260092,2.4906804,2.5525058,2.4818482,132352831.0
2021-04-23,2.473016,2.4995126,2.517177,2.4641838,132997670.0
2021-04-26,2.5348414,2.561338,2.6143312,2.5260092,315967472.0
2021-04-27,2.605499,2.605499,2.6319956,2.561338,320882992.0
2021-04-28,2.5436736,2.5348414,2.5436736,2.4995126,201757008.0
2021-04-29,2.5878346,2.5701702,2.5966668,2.5348414,178666005.0
2021-04-30,2.5525058,2.517177,2.561338,2.4818482,179586706.0
2021-05-06,2.5701702,2.605499,2.6319956,2.5701702,330329504.0
2021-05-07,2.6584922,2.6584922,2.7203176,2.6319956,398042672.0
2021-05-10,2.782143,2.9234582,2.9234582,2.7468142,711265040.0
2021-05-11,2.8528006,2.782143,2.8616328,2.7291498,707687744.0
2021-05-12,2.782143,2.7998074,2.8351362,2.7556464,362708864.0
2021-05-13,2.7114854,2.6408278,2.7203176,2.6143312,391858080.0
2021-05-14,2.6408278,2.6143312,2.64966,2.5701702,283297568.0
2021-05-17,2.5878346,2.6231634,2.64966,2.5701702,235377445.0
2021-05-18,2.6584922,2.6584922,2.6849888,2.6319956,229177089.0
2021-05-19,2.605499,2.5966668,2.605499,2.5790024,179847722.0
2021-05-20,2.473016,2.5525058,2.5790024,2.4553516,272460928.0
2021-05-21,2.5348414,2.5701702,2.5966668,2.5260092,157083198.0
2021-05-24,2.5260092,2.5348414,2.5701702,2.517177,125350968.0
2021-05-25,2.5525058,2.5790024,2.5878346,2.5260092,127883319.0
2021-05-26,2.561338,2.5790024,2.5966668,2.5436736,133470114.0
2021-05-27,2.5790024,2.561338,2.5790024,2.5525058,92170423.0
2021-05-28,2.605499,2.5878346,2.64966,2.5701702,190906079.0
2021-05-31,2.60574495,2.58783605,2.6146994,2.5788816,133884813.0
2021-06-01,2.56992715,2.5967905,2.5967905,2.5430638,158542397.0
2021-06-02,2.5788816,2.5430638,2.5967905,2.53410935,131813698.0
2021-06-03,2.53410935,2.5788816,2.5967905,2.5251549,143513474.0
2021-06-04,2.53410935,2.5430638,2.56992715,2.507246,129502176.0
2021-06-07,2.5430638,2.53410935,2.5609727,2.51620045,103554917.0
2021-06-08,2.53410935,2.507246,2.5430638,2.4714282,121377593.0
2021-06-09,2.507246,2.5251549,2.53410935,2.4893371,88853397.0
2021-06-10,2.51620045,2.53410935,2.5430638,2.507246,118976681.0
2021-06-11,2.53410935,2.53410935,2.5609727,2.507246,122355405.0
2021-06-15,2.51620045,2.44456485,2.53410935,2.4356104,147496121.0
2021-06-16,2.42665595,2.44456485,2.4714282,2.42665595,112097418.0
2021-06-17,2.44456485,2.4356104,2.4714282,2.4356104,67622537.0
2021-06-18,2.42665595,2.44456485,2.4535193,2.35502035,127024793.0
2021-06-21,2.42665595,2.3997926,2.44456485,2.3997926,82010475.0
2021-06-22,2.4356104,2.4535193,2.46247375,2.4177015,85468938.0
2021-06-23,2.4535193,2.4535193,2.4714282,2.4177015,88278433.0
2021-06-24,2.46247375,2.44456485,2.48038265,2.44456485,79793393.0
2021-06-25,2.4535193,2.5251549,2.53410935,2.44456485,152245530.0
2021-06-28,2.51620045,2.4714282,2.5251549,2.46247375,92530914.0
2021-06-29,2.4714282,2.4177015,2.48038265,2.4177015,78027562.0
2021-06-30,2.4177015,2.4356104,2.44456485,2.40874705,59715224.0
2021-07-01,2.44456485,2.39083815,2.4535193,2.3818837,70791800.0
2021-07-02,2.4356104,2.48038265,2.53410935,2.42665595,209874065.0
2021-07-05,2.49829155,2.5609727,2.6146994,2.4893371,285727472.0
2021-07-06,2.56992715,2.56992715,2.5967905,2.5251549,163155460.0
2021-07-07,2.55201825,2.60574495,2.6146994,2.53410935,195744958.0
2021-07-08,2.5967905,2.5609727,2.62365385,2.55201825,156573720.0
2021-07-09,2.55201825,2.6684261,2.7042439,2.5430638,380511088.0
2021-07-12,2.73110725,2.7042439,2.8296062,2.67738055,367770720.0
2021-07-13,2.73110725,2.74901615,2.76692505,2.67738055,244418692.0
2021-07-14,2.7579706,2.65947165,2.7579706,2.65947165,188926514.0
2021-07-15,2.65947165,2.7400617,2.7579706,2.6505172,197610511.0
2021-07-16,2.7400617,2.74901615,2.7937884,2.7221528,272536176.0
2021-07-19,2.7400617,2.7579706,2.82065175,2.73110725,244463341.0
2021-07-20,2.7042439,2.7221528,2.7400617,2.64156275,201544088.0
2021-07-21,2.7579706,2.8296062,2.85646955,2.7579706,302094400.0
2021-07-22,2.80274285,3.044513,3.1161486,2.7937884,613386016.0
2021-07-23,3.0086952,3.26837425,3.32210095,3.0086952,818547408.0
2021-07-26,3.3131465,3.23255645,3.3310554,3.1698753,611481904.0
2021-07-27,3.42955435,3.2773287,3.55491665,3.223602,1216564304.0
2021-07-28,3.12510305,3.16092085,3.28628315,2.94601405,859852368.0
2021-07-29,3.23255645,3.2056931,3.26837425,3.10719415,493498800.0
2021-07-30,3.23255645,3.2952376,3.41164545,3.16092085,531767184.0
2021-08-02,3.2594198,3.2594198,3.34000985,3.1519664,432434624.0
2021-08-03,3.21464755,3.1340575,3.26837425,3.08928525,348422624.0
2021-08-04,3.1519664,3.2415109,3.2594198,3.12510305,277788352.0
2021-08-05,3.1877842,3.07137635,3.19673865,3.0266041,402541648.0
2021-08-06,3.0624219,3.19673865,3.23255645,3.05346745,367824448.0
2021-08-09,3.1519664,3.21464755,3.223602,3.0803308,255671990.0
2021-08-10,3.21464755,3.17882975,3.2594198,3.14301195,226161358.0
2021-08-11,3.19673865,3.223602,3.2415109,3.1519664,226902780.0
2021-08-12,3.223602,3.34000985,3.44746325,3.19673865,411519872.0
2021-08-13,3.3847821,3.3668732,3.39373655,3.30419205,278857168.0
2021-08-16,3.4922355,3.3131465,3.5638711,3.3131465,388320416.0
2021-08-17,3.2952376,3.3310554,3.4743266,3.2773287,464550304.0
2021-08-18,3.2773287,3.2594198,3.30419205,3.16092085,375999840.0
2021-08-19,3.23255645,3.223602,3.25046535,3.10719415,310841040.0
2021-08-20,3.19673865,3.30419205,3.37582765,3.14301195,340223088.0
2021-08-23,3.37582765,3.30419205,3.44746325,3.26837425,381447744.0
2021-08-24,3.3131465,3.34000985,3.41164545,3.30419205,421260784.0
2021-08-25,3.3668732,3.3847821,3.3847821,3.23255645,458152464.0
2021-08-26,3.3668732,3.4385088,3.62655225,3.3489643,636046144.0
2021-08-27,3.402691,3.51909885,3.5280533,3.39373655,512060320.0
2021-08-30,3.59073445,3.58178,3.62655225,3.50118995,585494576.0
2021-08-31,3.55491665,3.80564125,3.9041402,3.4922355,706923840.0
2021-09-01,3.7787779,3.55491665,3.96682135,3.53700775,745012816.0
2021-09-02,3.50118995,3.6892334,3.73400565,3.50118995,460759424.0
2021-09-03,3.6713245,3.6892334,3.98473025,3.62655225,494170848.0
2021-09-06,3.7429601,3.64446115,3.760869,3.5638711,350040048.0
2021-09-07,3.64446115,3.73400565,3.7429601,3.59073445,445137568.0
2021-09-08,3.7071423,3.80564125,3.8683224,3.6713245,414597872.0
2021-09-09,3.78773235,4.0115936,4.02054805,3.73400565,628972032.0
2021-09-10,3.98473025,4.3518627,4.41454385,3.939958,1001459328.0
2021-09-13,4.50408835,4.79063075,4.79063075,4.50408835,724882384.0
2021-09-14,4.8174941,4.7458585,5.1219454,4.71899515,1382840704.0
2021-09-15,4.6921318,4.75481295,4.86226635,4.5488606,718368144.0
2021-09-16,4.7995852,4.4593161,4.84435745,4.4234983,737657056.0
2021-09-17,4.4414072,4.16381925,4.4593161,4.03845695,671610832.0
2021-09-22,4.07427475,4.19963705,4.28918155,4.03845695,471791872.0
2021-09-23,4.2623182,4.1548648,4.298136,4.09218365,401502928.0
2021-09-24,4.1548648,3.94891245,4.2085915,3.9041402,471570496.0
2021-09-27,3.939958,3.55491665,3.96682135,3.55491665,623497376.0
2021-09-28,3.5459622,3.62655225,3.6892334,3.5101444,348537168.0
2021-09-29,3.58178,3.4743266,3.6713245,3.4385088,332581584.0
2021-09-30,3.50118995,3.50118995,3.5280533,3.4385088,260862879.0
2021-10-08,3.58178,3.44746325,3.64446115,3.39373655,299745744.0
2021-10-11,3.44746325,3.44746325,3.46537215,3.3310554,257165493.0
2021-10-12,3.4385088,3.2594198,3.44746325,3.1877842,368394656.0
2021-10-13,3.2952376,3.3489643,3.3847821,3.223602,314225536.0
2021-10-14,3.39373655,3.5638711,3.6355067,3.3847821,474512576.0
2021-10-15,3.60864335,3.71609675,3.7966868,3.5996889,564596496.0
2021-10-18,3.8325046,4.09218365,4.09218365,3.73400565,587633792.0
2021-10-19,4.05636585,4.09218365,4.14591035,4.00263915,500846656.0
2021-10-20,3.93100355,3.8862313,3.96682135,3.7787779,467961088.0
2021-10-21,3.9936847,3.85936795,4.0295025,3.8504135,394578832.0
2021-10-22,3.8145957,3.64446115,3.91309465,3.6175978,434762880.0
2021-10-25,3.6355067,3.7071423,3.76982345,3.57282555,314712832.0
2021-10-26,3.7429601,3.68027895,3.8145957,3.6534156,299232816.0
2021-10-27,3.6534156,3.51909885,3.69818785,3.4922355,351543664.0
2021-10-28,3.5101444,3.3131465,3.51909885,3.23255645,429838912.0
2021-10-29,3.30419205,3.30419205,3.3489643,3.2594198,277291168.0
2021-11-01,3.28628315,3.28628315,3.34000985,3.25046535,249064957.0
2021-11-02,3.28628315,3.19673865,3.30419205,3.1161486,333443664.0
2021-11-03,3.19673865,3.26837425,3.26837425,3.14301195,254746457.0
2021-11-04,3.223602,3.1698753,3.223602,3.1519664,277674960.0
2021-11-05,3.08928525,3.044513,3.1161486,3.0266041,351906736.0
2021-11-08,3.0982397,3.1340575,3.1519664,3.08928525,257469966.0
2021-11-09,3.16092085,3.07137635,3.1698753,3.05346745,187981056.0
2021-11-10,3.044513,3.044513,3.0624219,2.9370596,289357824.0
2021-11-11,3.01764965,3.0803308,3.0803308,2.99974075,247258401.0
2021-11-12,3.0982397,3.044513,3.2056931,3.0266041,373033616.0
2021-11-15,3.0624219,3.0086952,3.0803308,2.9728774,190092451.0
2021-11-16,2.9907863,2.89228735,3.0086952,2.8833329,312714256.0
2021-11-17,2.8833329,2.9370596,2.96392295,2.87437845,184918225.0
2021-11-18,2.91019625,2.9549685,2.9907863,2.89228735,223277304.0
2021-11-19,2.96392295,3.1340575,3.1519664,2.91019625,417103968.0
2021-11-22,3.10719415,3.1161486,3.17882975,3.0982397,315540128.0
2021-11-23,3.1161486,3.19673865,3.2773287,3.10719415,365718352.0
2021-11-24,3.19673865,3.21464755,3.21464755,3.1161486,241228132.0
2021-11-25,3.21464755,3.25046535,3.26837425,3.21464755,236919334.0
2021-11-26,3.19673865,3.1519664,3.2415109,3.1519664,229654087.0
2021-11-29,3.044513,3.10719415,3.1519664,2.99974075,257915738.0
2021-11-30,3.1340575,3.07137635,3.19673865,3.0624219,215359034.0
2021-12-01,3.044513,3.1161486,3.12510305,3.0266041,168937751.0
2021-12-02,3.0803308,3.08928525,3.12510305,3.0624219,142161426.0
2021-12-03,3.0982397,3.1340575,3.16092085,3.03555855,240866707.0
2021-12-06,3.12510305,3.16092085,3.2594198,3.10719415,351620480.0
2021-12-07,3.2056931,3.14301195,3.23255645,3.07137635,242103370.0
2021-12-08,3.17882975,3.2773287,3.3489643,3.1698753,444804256.0
2021-12-09,3.3131465,3.2952376,3.32210095,3.2415109,266068564.0
2021-12-10,3.2952376,3.2594198,3.2952376,3.223602,234602903.0
2021-12-13,3.25046535,3.26837425,3.30419205,3.2056931,230211106.0
2021-12-14,3.23255645,3.16092085,3.2415109,3.14301195,255433081.0
2021-12-15,3.1340575,3.12510305,3.16092085,3.1161486,145455460.0
2021-12-16,3.1340575,3.19673865,3.19673865,3.1161486,206371473.0
2021-12-17,3.223602,3.2952376,3.39373655,3.21464755,457203968.0
2021-12-20,3.26837425,3.1877842,3.30419205,3.17882975,253412199.0
2021-12-21,3.17882975,3.25046535,3.2594198,3.1698753,166516867.0
2021-12-22,3.26837425,3.23255645,3.2773287,3.2056931,150083533.0
2021-12-23,3.2415109,3.26837425,3.2773287,3.21464755,198844659.0
2021-12-24,3.26837425,3.17882975,3.26837425,3.16092085,196335913.0
2021-12-27,3.16092085,3.14301195,3.1698753,3.12510305,124033077.0
2021-12-28,3.1698753,3.1519664,3.17882975,3.12510305,103824076.0
2021-12-29,3.1340575,3.12510305,3.16092085,3.1161486,104669056.0
2021-12-30,3.1161486,3.08928525,3.12510305,3.0803308,146618960.0
2021-12-31,3.08928525,3.1161486,3.1340575,3.05346745,126002719.0
2022-01-04,3.1161486,3.16092085,3.17882975,3.0803308,179205005.0
2022-01-05,3.1698753,3.12510305,3.17882975,3.08928525,126781303.0
2022-01-06,3.10719415,3.1340575,3.1340575,3.0803308,110227311.0
2022-01-07,3.1161486,3.17882975,3.21464755,3.10719415,220436855.0
2022-01-10,3.1877842,3.2056931,3.26837425,3.17882975,192227724.0
2022-01-11,3.2056931,3.2056931,3.2415109,3.1877842,149644840.0
2022-01-12,3.23255645,3.42955435,3.4385088,3.23255645,584759744.0
2022-01-13,3.57282555,3.50118995,3.69818785,3.4743266,678976976.0
2022-01-14,3.46537215,3.30419205,3.4743266,3.28628315,505141040.0
2022-01-17,3.2773287,3.32210095,3.3489643,3.21464755,311199536.0
2022-01-18,3.34000985,3.32210095,3.37582765,3.2952376,249625431.0
2022-01-19,3.2952376,3.28628315,3.37582765,3.25046535,211780630.0
2022-01-20,3.3131465,3.3489643,3.4564177,3.30419205,286264656.0
2022-01-21,3.3489643,3.3847821,3.39373655,3.3131465,245015082.0
2022-01-24,3.35791875,3.2773287,3.35791875,3.2415109,191921190.0
2022-01-25,3.23255645,3.044513,3.25046535,3.0266041,280315408.0
2022-01-26,3.08928525,3.23255645,3.26837425,3.0803308,313231088.0
2022-01-27,3.2415109,3.08928525,3.2415109,3.07137635,203839542.0
2022-01-28,3.1161486,2.99974075,3.1161486,2.91019625,247809088.0
2022-02-07,3.044513,3.10719415,3.1519664,3.044513,211672021.0
2022-02-08,3.12510305,3.1698753,3.1877842,3.07137635,194298798.0
2022-02-09,3.16092085,3.48328105,3.48328105,3.14301195,672571456.0
2022-02-10,3.59073445,3.5280533,3.69818785,3.4922355,791876704.0
2022-02-11,3.60864335,3.5101444,3.64446115,3.48328105,455896432.0
2022-02-14,3.402691,3.4564177,3.59073445,3.37582765,373836656.0
2022-02-15,3.4743266,3.4205999,3.4922355,3.3668732,243075854.0
2022-02-16,3.4205999,3.41164545,3.4385088,3.402691,197922943.0
2022-02-17,3.41164545,3.4385088,3.4922355,3.3847821,248598160.0
2022-02-18,3.402691,3.5280533,3.53700775,3.39373655,311034192.0
2022-02-21,3.5101444,3.46537215,3.5280533,3.4205999,218769868.0
2022-02-22,3.44746325,3.46537215,3.4743266,3.3847821,248237336.0
2022-02-23,3.44746325,3.4385088,3.48328105,3.4205999,181514595.0
2022-02-24,3.402691,3.4385088,3.53700775,3.3489643,435805472.0
2022-02-25,3.4385088,3.42955435,3.55491665,3.4205999,317942880.0
2022-02-28,3.4743266,3.53700775,3.57282555,3.41164545,309883088.0
2022-03-01,3.5459622,3.48328105,3.55491665,3.44746325,228386326.0
2022-03-02,3.51909885,3.5638711,3.64446115,3.48328105,407308032.0
2022-03-03,3.6175978,3.8504135,3.9220491,3.6175978,889984768.0
2022-03-04,3.7787779,3.73400565,3.9041402,3.6713245,622264592.0
2022-03-07,3.91309465,3.78773235,3.96682135,3.73400565,496170512.0
2022-03-08,3.6713245,3.60864335,3.7071423,3.4743266,483488880.0
2022-03-09,3.5459622,3.4922355,3.62655225,3.32210095,352195312.0
2022-03-10,3.51909885,3.46537215,3.5280533,3.37582765,237232780.0
2022-03-11,3.4205999,3.50118995,3.5280533,3.3489643,201496894.0
2022-03-14,3.4385088,3.26837425,3.4922355,3.2594198,251487721.0
2022-03-15,3.21464755,2.9728774,3.21464755,2.9549685,350831152.0
2022-03-16,3.03555855,3.10719415,3.12510305,2.91019625,272416352.0
2022-03-17,3.16092085,3.1519664,3.21464755,3.10719415,221927671.0
2022-03-18,3.1519664,3.28628315,3.32210095,3.14301195,224710969.0
2022-03-21,3.30419205,3.2415109,3.32210095,3.1877842,176545645.0
2022-03-22,3.223602,3.3847821,3.39373655,3.17882975,259181490.0
2022-03-23,3.3489643,3.35791875,3.3847821,3.3131465,135167211.0
2022-03-24,3.402691,3.46537215,3.50118995,3.37582765,254889207.0
2022-03-25,3.4564177,3.34000985,3.5101444,3.34000985,191786551.0
2022-03-28,3.2952376,3.3489643,3.402691,3.2594198,153464774.0
2022-03-29,3.35791875,3.37582765,3.4205999,3.3310554,161378690.0
2022-03-30,3.39373655,3.41164545,3.41164545,3.34000985,140494694.0
2022-03-31,3.3847821,3.3310554,3.402691,3.28628315,151739907.0
2022-04-01,3.2952376,3.3131465,3.34000985,3.2594198,104210808.0
2022-04-06,3.30419205,3.41164545,3.4385088,3.2415109,195057372.0
2022-04-07,3.37582765,3.44746325,3.48328105,3.35791875,227266106.0
2022-04-08,3.42955435,3.6175978,3.7071423,3.35791875,384966016.0
2022-04-11,3.5638711,3.5638711,3.66237005,3.5280533,292197008.0
2022-04-12,3.51909885,3.5996889,3.62655225,3.50118995,161474834.0
2022-04-13,3.6175978,3.7966868,3.939958,3.5996889,463086816.0
2022-04-14,3.8325046,3.9041402,3.98473025,3.73400565,380555040.0
2022-04-15,3.84145905,3.6713245,3.9041402,3.62655225,386872752.0
2022-04-18,3.6713245,3.58178,3.6892334,3.5638711,200026859.0
2022-04-19,3.62655225,3.6534156,3.71609675,3.6175978,168596552.0
2022-04-20,3.62655225,3.4922355,3.6355067,3.4564177,237690054.0
2022-04-21,3.4564177,3.28628315,3.4743266,3.2594198,267816936.0
2022-04-22,3.28628315,3.3489643,3.37582765,3.23255645,210085773.0
2022-04-25,3.26837425,3.05346745,3.26837425,3.0266041,276986832.0
2022-04-26,3.05346745,2.9191507,3.0803308,2.89228735,243481813.0
2022-04-27,2.8475151,3.0803308,3.0803308,2.82065175,181254366.0
2022-04-28,3.0624219,3.044513,3.12510305,2.98183185,158218853.0
2022-04-29,3.08928525,3.1340575,3.1519664,3.01764965,176581428.0
2022-05-05,3.12510305,3.1698753,3.1877842,3.0982397,147842741.0
2022-05-06,3.0982397,2.9728774,3.0982397,2.9370596,267153300.0
2022-05-09,2.92810515,2.92810515,2.98183185,2.8833329,210803763.0
2022-05-10,2.85646955,2.9012418,2.9012418,2.78483395,283937040.0
2022-05-11,2.865424,2.9191507,2.98183185,2.865424,250028659.0
2022-05-12,2.9012418,2.865424,2.9191507,2.8475151,181059230.0
2022-05-13,2.865424,2.87437845,2.8833329,2.80274285,217330638.0
2022-05-16,2.9012418,2.91019625,2.9191507,2.865424,157609433.0
2022-05-17,2.91019625,2.9549685,2.9549685,2.91019625,180847571.0
2022-05-18,2.9549685,2.91019625,2.96392295,2.8833329,165532174.0
2022-05-19,2.85646955,2.8833329,2.8833329,2.83856065,185490225.0
2022-05-20,2.91019625,2.99974075,3.0086952,2.9012418,340247200.0
2022-05-23,3.03666013,3.03666013,3.07358001,2.98128031,264858695.0
2022-05-24,3.03666013,2.92590049,3.03666013,2.92590049,227358794.0
2022-05-25,2.91667052,2.9535904,2.97205034,2.90744055,148794462.0
2022-05-26,2.93513046,2.97205034,2.99051028,2.90744055,145962850.0
2022-05-27,2.99051028,2.9535904,2.99974025,2.92590049,158609038.0
2022-05-30,2.96282037,2.96282037,2.98128031,2.93513046,111858810.0
2022-05-31,2.9535904,2.98128031,2.98128031,2.92590049,132651641.0
2022-06-01,2.96282037,2.94436043,2.97205034,2.92590049,125214486.0
2022-06-02,2.93513046,2.99974025,3.00897022,2.92590049,197710405.0
2022-06-06,3.01820019,3.18433965,3.20279959,3.00897022,392921568.0
2022-06-07,3.17510968,3.18433965,3.2304895,3.1381898,260239842.0
2022-06-08,3.2304895,3.21202956,3.24894944,3.12895983,242484430.0
2022-06-09,3.21202956,3.29509929,3.33201917,3.16587971,360441616.0
2022-06-10,3.24894944,3.4150889,3.43354884,3.2304895,358526544.0
2022-06-13,3.36893905,3.30432926,3.43354884,3.2304895,403533248.0
2022-06-14,3.23971947,3.26740938,3.28586932,3.1381898,337181776.0
2022-06-15,3.27663935,3.24894944,3.3227892,3.23971947,252053512.0
2022-06-16,3.24894944,3.21202956,3.31355923,3.21202956,188295779.0
2022-06-17,3.17510968,3.2304895,3.25817941,3.14741977,196174982.0
2022-06-20,3.21202956,3.11972986,3.22125953,3.10126992,313572912.0
2022-06-21,3.10126992,3.0458901,3.12895983,3.01820019,262353764.0
2022-06-22,3.0458901,3.02743016,3.08280998,3.01820019,175981161.0
2022-06-23,3.01820019,3.06435004,3.06435004,2.98128031,207284675.0
2022-06-24,3.02743016,3.01820019,3.02743016,2.98128031,233353735.0
2022-06-27,3.00897022,3.03666013,3.06435004,2.99974025,201772044.0
2022-06-28,3.0458901,3.10126992,3.10126992,3.02743016,214225754.0
2022-06-29,3.09203995,2.99974025,3.10126992,2.97205034,243375116.0
2022-06-30,2.99974025,3.00897022,3.02743016,2.99974025,146272088.0
2022-07-01,2.99051028,2.99974025,3.01820019,2.97205034,138130134.0
2022-07-04,2.99974025,2.99974025,3.00897022,2.98128031,129611984.0
2022-07-05,2.99974025,3.05512007,3.08280998,2.99051028,211173558.0
2022-07-06,3.01820019,2.97205034,3.02743016,2.94436043,211546491.0
2022-07-07,2.97205034,3.00897022,3.02743016,2.9535904,135294640.0
2022-07-08,3.0458901,2.99051028,3.05512007,2.97205034,119075895.0
2022-07-11,2.96282037,2.93513046,2.97205034,2.91667052,152812232.0
2022-07-12,2.92590049,2.93513046,2.96282037,2.91667052,134846117.0
2022-07-13,2.92590049,2.88898061,2.92590049,2.87052067,201624773.0
2022-07-14,2.88898061,2.84283076,2.88898061,2.82437082,160330063.0
2022-07-15,2.81514085,2.74130109,2.82437082,2.73207112,213106275.0
2022-07-18,2.75053106,2.84283076,2.85206073,2.75053106,147814013.0
2022-07-19,2.85206073,2.84283076,2.87052067,2.82437082,106171023.0
2022-07-20,2.84283076,2.84283076,2.8612907,2.83360079,87882229.0
2022-07-21,2.83360079,2.83360079,2.8612907,2.81514085,126569035.0
2022-07-22,2.83360079,2.81514085,2.85206073,2.77822097,105090372.0
2022-07-25,2.81514085,2.79668091,2.83360079,2.77822097,85760100.0
2022-07-26,2.79668091,2.82437082,2.83360079,2.768991,91599779.0
2022-07-27,2.81514085,2.81514085,2.83360079,2.79668091,65561026.0
2022-07-28,2.8612907,2.81514085,2.88898061,2.79668091,180210738.0
2022-07-29,2.80591088,2.79668091,2.83360079,2.78745094,130644118.0
2022-08-01,2.80591088,2.80591088,2.82437082,2.78745094,131483907.0
2022-08-02,2.78745094,2.70438121,2.78745094,2.65823136,214662375.0
2022-08-03,2.68592127,2.6766913,2.73207112,2.66746133,121832565.0
2022-08-04,2.6766913,2.6766913,2.69515124,2.63977142,98597903.0
2022-08-05,2.6766913,2.74130109,2.74130109,2.66746133,123065426.0
2022-08-08,2.72284115,2.75976103,2.75976103,2.71361118,82026218.0
2022-08-09,2.75053106,2.75976103,2.77822097,2.74130109,85442235.0
2022-08-10,2.768991,2.80591088,2.85206073,2.75976103,150014471.0
2022-08-11,2.82437082,2.84283076,2.84283076,2.80591088,113136446.0
2022-08-12,2.83360079,2.87975064,2.88898061,2.81514085,160443589.0
2022-08-15,2.8612907,2.87052067,2.88898061,2.85206073,122026898.0
2022-08-16,2.8612907,2.87975064,2.88898061,2.85206073,126329381.0
2022-08-17,2.88898061,2.87975064,2.89821058,2.85206073,96869588.0
2022-08-18,2.87052067,2.83360079,2.87975064,2.82437082,101902808.0
2022-08-19,2.84283076,2.81514085,2.85206073,2.80591088,94370620.0
2022-08-22,2.81514085,2.87052067,2.87975064,2.79668091,121517290.0
2022-08-23,2.8612907,2.84283076,2.87975064,2.83360079,89984515.0
2022-08-24,2.8612907,2.78745094,2.87052067,2.78745094,124265125.0
2022-08-25,2.79668091,2.85206073,2.8612907,2.768991,151359797.0
2022-08-26,2.8612907,2.83360079,2.87975064,2.81514085,98101202.0
2022-08-29,2.79668091,2.77822097,2.79668091,2.74130109,135157895.0
2022-08-30,2.768991,2.74130109,2.77822097,2.71361118,138803018.0
2022-08-31,2.72284115,2.6766913,2.72284115,2.65823136,151152748.0
2022-09-01,2.65823136,2.66746133,2.68592127,2.64900139,82043671.0
2022-09-02,2.65823136,2.66746133,2.66746133,2.63977142,82873993.0
2022-09-05,2.65823136,2.69515124,2.69515124,2.63977142,70659977.0
2022-09-06,2.69515124,2.72284115,2.72284115,2.68592127,107411755.0
2022-09-07,2.71361118,2.77822097,2.78745094,2.69515124,189752658.0
2022-09-08,2.768991,2.74130109,2.768991,2.73207112,99717582.0
2022-09-09,2.77822097,2.78745094,2.80591088,2.75976103,143205026.0
2022-09-13,2.79668091,2.75053106,2.81514085,2.74130109,108166822.0
2022-09-14,2.70438121,2.71361118,2.74130109,2.68592127,87089858.0
2022-09-15,2.72284115,2.6766913,2.73207112,2.65823136,100936447.0
2022-09-16,2.66746133,2.56593166,2.66746133,2.55670169,181274700.0
2022-09-19,2.56593166,2.55670169,2.5843916,2.52901178,78019143.0
2022-09-20,2.56593166,2.57516163,2.59362157,2.55670169,56489999.0
2022-09-21,2.56593166,2.59362157,2.61208151,2.52901178,72183440.0
2022-09-22,2.56593166,2.56593166,2.60285154,2.54747172,58221042.0
2022-09-23,2.59362157,2.57516163,2.63054145,2.55670169,92036953.0
2022-09-26,2.55670169,2.44594205,2.55670169,2.43671208,144513139.0
2022-09-27,2.42748211,2.47363196,2.47363196,2.40902217,70823969.0
2022-09-28,2.45517202,2.40902217,2.45517202,2.3997922,61655698.0
2022-09-29,2.44594205,2.3997922,2.45517202,2.39056223,57985500.0
2022-09-30,2.3997922,2.40902217,2.43671208,2.3997922,58782468.0
2022-10-10,2.41825214,2.38133226,2.43671208,2.37210229,72970641.0
2022-10-11,2.39056223,2.3997922,2.40902217,2.36287232,59561484.0
2022-10-12,2.40902217,2.4920919,2.4920919,2.40902217,154098467.0
2022-10-13,2.46440199,2.47363196,2.4920919,2.45517202,81404216.0
2022-10-14,2.48286193,2.51055184,2.51978181,2.47363196,90281453.0
2022-10-17,2.4920919,2.4920919,2.51055184,2.47363196,83082850.0
2022-10-18,2.50132187,2.48286193,2.51055184,2.47363196,68309278.0
2022-10-19,2.47363196,2.44594205,2.48286193,2.43671208,67239794.0
2022-10-20,2.43671208,2.41825214,2.45517202,2.3997922,73385440.0
2022-10-21,2.43671208,2.43671208,2.45517202,2.42748211,66100219.0
2022-10-24,2.45517202,2.41825214,2.48286193,2.3997922,82473066.0
2022-10-25,2.40902217,2.40902217,2.43671208,2.36287232,65754270.0
2022-10-26,2.40902217,2.42748211,2.44594205,2.3997922,67805605.0
2022-10-27,2.44594205,2.46440199,2.48286193,2.44594205,109190778.0
2022-10-28,2.43671208,2.37210229,2.44594205,2.36287232,127362107.0
2022-10-31,2.36287232,2.32595244,2.37210229,2.3074925,86033030.0
2022-11-01,2.32595244,2.39056223,2.39056223,2.32595244,87498135.0
2022-11-02,2.39056223,2.42748211,2.42748211,2.38133226,99600791.0
2022-11-03,2.40902217,2.43671208,2.44594205,2.3997922,78672460.0
2022-11-04,2.44594205,2.50132187,2.51055184,2.43671208,119423492.0
2022-11-07,2.63054145,2.6766913,2.72284115,2.59362157,436633362.0
2022-11-08,2.63977142,2.64900139,2.65823136,2.61208151,168480025.0
2022-11-09,2.70438121,2.6766913,2.72284115,2.64900139,175684055.0
2022-11-10,2.66746133,2.64900139,2.66746133,2.62131148,102201480.0
2022-11-11,2.75976103,2.73207112,2.81514085,2.72284115,275345336.0
2022-11-14,2.75976103,2.71361118,2.768991,2.70438121,139744052.0
2022-11-15,2.69515124,2.72284115,2.73207112,2.6766913,136532990.0
2022-11-16,2.72284115,2.72284115,2.74130109,2.69515124,102072967.0
2022-11-17,2.69515124,2.68592127,2.70438121,2.65823136,95262508.0
2022-11-18,2.6766913,2.65823136,2.68592127,2.63977142,86230783.0
2022-11-21,2.63054145,2.62131148,2.63054145,2.59362157,74760429.0
2022-11-22,2.62131148,2.64900139,2.6766913,2.61208151,72303104.0
2022-11-23,2.64900139,2.66746133,2.69515124,2.63054145,71837453.0
2022-11-24,2.6766913,2.65823136,2.68592127,2.64900139,44527440.0
2022-11-25,2.65823136,2.70438121,2.71361118,2.63977142,97860039.0
2022-11-28,2.6766913,2.65823136,2.6766913,2.63054145,88746962.0
2022-11-29,2.65823136,2.71361118,2.71361118,2.64900139,91674864.0
2022-11-30,2.70438121,2.70438121,2.73207112,2.68592127,90246388.0
2022-12-01,2.768991,2.71361118,2.78745094,2.71361118,107714680.0
2022-12-02,2.72284115,2.68592127,2.73207112,2.66746133,70106079.0
2022-12-05,2.70438121,2.79668091,2.83360079,2.69515124,258939360.0
2022-12-06,2.78745094,2.82437082,2.82437082,2.75976103,136124213.0
2022-12-07,2.81514085,2.77822097,2.83360079,2.768991,89206087.0
2022-12-08,2.78745094,2.83360079,2.84283076,2.77822097,134993033.0
2022-12-09,2.89821058,3.01820019,3.02743016,2.87052067,527573703.0
2022-12-12,3.01820019,3.01820019,3.01820019,3.01820019,
2022-12-13,3.01820019,3.01820019,3.01820019,3.01820019,
2022-12-14,3.01820019,3.01820019,3.01820019,3.01820019,
2022-12-15,3.01820019,3.01820019,3.01820019,3.01820019,
2022-12-16,3.01820019,3.01820019,3.01820019,3.01820019,
2022-12-19,3.01820019,3.01820019,3.01820019,3.01820019,
2022-12-20,3.01820019,3.01820019,3.01820019,3.01820019,
2022-12-21,3.01820019,3.01820019,3.01820019,3.01820019,
2022-12-22,3.01820019,3.01820019,3.01820019,3.01820019,
2022-12-23,3.01820019,3.01820019,3.01820019,3.01820019,
2022-12-26,2.71361118,2.85206073,2.94436043,2.71361118,433740846.0
2022-12-27,2.82437082,2.81514085,2.87052067,2.768991,212193507.0
2022-12-28,2.78745094,2.8612907,2.91667052,2.768991,226206736.0
2022-12-29,2.84283076,2.84283076,2.87975064,2.81514085,100357506.0
2022-12-30,2.85206073,2.87975064,2.89821058,2.84283076,99214205.0
2023-01-03,2.87052067,2.91667052,2.94436043,2.81514085,142209642.0
2023-01-04,2.91667052,2.85206073,2.91667052,2.84283076,104109573.0
2023-01-05,2.84283076,2.81514085,2.8612907,2.81514085,104131712.0
2023-01-06,2.81514085,2.80591088,2.84283076,2.78745094,83978800.0
2023-01-09,2.83360079,2.94436043,2.9535904,2.82437082,260906074.0
2023-01-10,2.94436043,2.94436043,2.97205034,2.90744055,126893942.0
2023-01-11,2.96282037,3.03666013,3.09203995,2.9535904,243305144.0
2023-01-12,3.08280998,3.06435004,3.11972986,3.01820019,194297854.0
2023-01-13,3.06435004,3.08280998,3.11972986,3.03666013,134576031.0
2023-01-16,3.08280998,3.08280998,3.10126992,3.01820019,162830173.0
2023-01-17,3.08280998,3.15664974,3.15664974,3.07358001,180455883.0
2023-01-18,3.20279959,3.2304895,3.30432926,3.19356962,205174570.0
2023-01-19,3.21202956,3.25817941,3.26740938,3.15664974,135486740.0
2023-01-20,3.23971947,3.24894944,3.30432926,3.22125953,158026281.0
2023-01-30,3.28586932,3.16587971,3.31355923,3.15664974,193345331.0
2023-01-31,3.15664974,3.22125953,3.2304895,3.11972986,143310438.0
2023-02-01,3.2304895,3.31355923,3.35047911,3.22125953,240769253.0
2023-02-02,3.30432926,3.28586932,3.3227892,3.20279959,184918218.0
2023-02-03,3.2304895,3.2304895,3.24894944,3.17510968,137561230.0
2023-02-06,3.17510968,3.15664974,3.18433965,3.12895983,129368383.0
2023-02-07,3.16587971,3.16587971,3.19356962,3.1381898,80448741.0
2023-02-08,3.16587971,3.11049989,3.18433965,3.11049989,110293281.0
2023-02-09,3.11049989,3.1381898,3.1381898,3.10126992,76382270.0
2023-02-10,3.12895983,3.08280998,3.12895983,3.06435004,120189805.0
2023-02-13,3.08280998,3.11049989,3.1381898,3.05512007,141568898.0
2023-02-14,3.15664974,3.14741977,3.2304895,3.1381898,189011070.0
2023-02-15,3.15664974,3.1381898,3.2304895,3.11972986,153325302.0
2023-02-16,3.10126992,3.02743016,3.12895983,2.99051028,195373904.0
2023-02-17,3.07358001,3.07358001,3.1381898,3.06435004,116433563.0
2023-02-20,3.09203995,3.19356962,3.20279959,3.08280998,196367300.0
2023-02-21,3.22125953,3.2304895,3.28586932,3.19356962,202833396.0
2023-02-22,3.23971947,3.19356962,3.24894944,3.17510968,106026802.0
2023-02-23,3.17510968,3.16587971,3.20279959,3.14741977,89918015.0
2023-02-24,3.1381898,3.1381898,3.16587971,3.11972986,89579079.0
2023-02-27,3.10126992,3.10126992,3.14741977,3.09203995,94400212.0
2023-02-28,3.10126992,3.11972986,3.1381898,3.09203995,70540844.0
2023-03-01,3.12895983,3.18433965,3.19356962,3.11049989,93395436.0
2023-03-02,3.2304895,3.18433965,3.2304895,3.16587971,107541994.0
2023-03-03,3.16587971,3.15664974,3.18433965,3.11049989,96327156.0
2023-03-06,3.14741977,3.09203995,3.14741977,3.07358001,152217791.0
2023-03-07,3.09203995,3.08280998,3.17510968,3.06435004,139179324.0
2023-03-08,3.05512007,3.07358001,3.08280998,3.02743016,95263450.0
2023-03-09,3.08280998,3.06435004,3.11049989,3.03666013,70320584.0
2023-03-10,3.03666013,3.02743016,3.07358001,2.99974025,90698152.0
2023-03-13,3.00897022,3.03666013,3.05512007,2.99051028,89305356.0
2023-03-14,3.02743016,3.02743016,3.10126992,3.01820019,113552760.0
2023-03-15,3.03666013,3.02743016,3.05512007,3.00897022,78038152.0
2023-03-16,2.99051028,2.88898061,2.99051028,2.88898061,159240981.0
2023-03-17,2.90744055,2.93513046,2.99051028,2.89821058,153961213.0
2023-03-20,2.94436043,2.96282037,3.00897022,2.94436043,94148834.0
2023-03-21,2.98128031,2.96282037,2.98128031,2.93513046,79328167.0
2023-03-22,2.96282037,2.94436043,2.98128031,2.93513046,80058447.0
2023-03-23,2.93513046,2.99974025,3.00897022,2.92590049,118907080.0
2023-03-24,3.00897022,3.03666013,3.06435004,2.97205034,118828760.0
2023-03-27,3.02743016,3.00897022,3.0458901,2.97205034,81098441.0
2023-03-28,3.00897022,2.98128031,3.0458901,2.96282037,73489700.0
2023-03-29,2.99051028,2.94436043,2.99974025,2.92590049,71467778.0
2023-03-30,2.94436043,2.9535904,2.96282037,2.90744055,60734397.0
2023-03-31,2.94436043,2.97205034,2.99974025,2.94436043,60955940.0
2023-04-03,2.96282037,2.9535904,2.97205034,2.93513046,91621309.0
2023-04-04,2.93513046,2.92590049,2.9535904,2.91667052,82391094.0
2023-04-06,2.93513046,2.97205034,2.98128031,2.91667052,116317900.0
2023-04-07,2.97205034,2.92590049,2.98128031,2.92590049,77663128.0
2023-04-10,2.92590049,2.91667052,2.9535904,2.90744055,58860149.0
2023-04-11,2.92590049,2.9535904,2.96282037,2.8612907,156124640.0
2023-04-12,2.9535904,3.03666013,3.0458901,2.94436043,207615256.0
2023-04-13,3.03666013,3.01820019,3.06435004,2.99974025,116672708.0
2023-04-14,3.07358001,3.10126992,3.10126992,3.06435004,168258122.0
2023-04-17,3.08280998,3.18433965,3.19356962,3.05512007,232509597.0
2023-04-18,3.16587971,3.18433965,3.21202956,3.14741977,126160792.0
2023-04-19,3.20279959,3.22125953,3.26740938,3.19356962,198299985.0
2023-04-20,3.21202956,3.21202956,3.22125953,3.15664974,116641631.0
2023-04-21,3.18433965,3.15664974,3.2304895,3.15664974,96531869.0
2023-04-24,3.1381898,3.10126992,3.19356962,3.07358001,140105364.0
2023-04-25,3.10126992,3.05512007,3.11972986,3.01820019,118006440.0
2023-04-26,3.00897022,3.0458901,3.09203995,2.99974025,113497245.0
2023-04-27,3.03666013,3.01820019,3.05512007,2.99051028,119914760.0
2023-04-28,3.0458901,3.03666013,3.08280998,3.01820019,109993150.0
2023-05-04,3.03666013,3.06435004,3.09203995,3.01820019,139867926.0
2023-05-05,3.06435004,2.97205034,3.06435004,2.9535904,140013022.0
2023-05-08,2.98128031,3.07358001,3.07358001,2.97205034,166541840.0
2023-05-09,3.05512007,2.99051028,3.07358001,2.98128031,166307318.0
2023-05-10,2.98128031,2.9535904,2.99974025,2.94436043,118961822.0
2023-05-11,2.94436043,2.89821058,2.9535904,2.88898061,137107400.0
2023-05-12,2.8612907,2.75976103,2.87052067,2.75053106,247779787.0
2023-05-15,2.768991,2.79668091,2.80591088,2.72284115,119566804.0
2023-05-16,2.79668091,2.768991,2.80591088,2.75976103,69838005.0
2023-05-17,2.74130109,2.74130109,2.75976103,2.72284115,73818399.0
2023-05-18,2.768991,2.75053106,2.78745094,2.74130109,78766703.0
2023-05-19,2.75053106,2.74130109,2.768991,2.72284115,76928080.0
2023-05-22,2.74130109,2.74130109,2.75053106,2.72284115,67945296.0
2023-05-23,2.74130109,2.69515124,2.74130109,2.69515124,80279707.0
2023-05-24,2.68592127,2.66746133,2.70438121,2.66746133,67723756.0
2023-05-25,2.64900139,2.64900139,2.66746133,2.62131148,72296175.0
2023-05-26,2.63977142,2.71361118,2.72284115,2.62131148,87278030.0
2023-05-29,2.71361118,2.71361118,2.73207112,2.69515124,79899945.0
2023-05-30,2.70438121,2.70438121,2.71361118,2.65823136,59445657.0
2023-05-31,2.69515124,2.6766913,2.69515124,2.66746133,60328960.0
2023-06-01,2.68592127,2.69515124,2.72284115,2.66746133,75440319.0
2023-06-02,2.7233233,2.76088638,2.77027715,2.71393253,115916769.0
2023-06-05,2.75149561,2.76088638,2.77027715,2.74210484,63643760.0
2023-06-06,2.76088638,2.73271407,2.77966792,2.7233233,67628506.0
2023-06-07,2.7233233,2.7233233,2.75149561,2.71393253,53263754.0
2023-06-08,2.7233233,2.73271407,2.74210484,2.70454176,51566662.0
2023-06-09,2.74210484,2.73271407,2.75149561,2.73271407,57571221.0
2023-06-12,2.73271407,2.73271407,2.74210484,2.70454176,69754138.0
2023-06-13,2.7233233,2.71393253,2.73271407,2.69515099,60482964.0
2023-06-14,2.73271407,2.7233233,2.75149561,2.71393253,77490541.0
2023-06-15,2.73271407,2.75149561,2.75149561,2.71393253,59337499.0
2023-06-16,2.75149561,2.77966792,2.78905869,2.74210484,98238964.0
2023-06-19,2.77027715,2.7233233,2.77027715,2.71393253,92125533.0
2023-06-20,2.7233233,2.70454176,2.73271407,2.68576022,93844611.0
2023-06-21,2.70454176,2.66697868,2.71393253,2.65758791,77910201.0
2023-06-26,2.63880637,2.6294156,2.68576022,2.62002483,77709968.0
2023-06-27,2.63880637,2.70454176,2.71393253,2.6294156,88491046.0
2023-06-28,2.69515099,2.70454176,2.71393253,2.66697868,52844972.0
2023-06-29,2.68576022,2.66697868,2.70454176,2.65758791,79951246.0
2023-06-30,2.66697868,2.71393253,2.71393253,2.65758791,76945797.0
2023-07-03,2.7233233,2.817231,2.84540331,2.7233233,201762487.0
2023-07-04,2.84540331,2.817231,2.85479408,2.79844946,94733703.0
2023-07-05,2.79844946,2.83601254,2.85479408,2.78905869,117401471.0
2023-07-06,2.82662177,2.817231,2.84540331,2.79844946,82214980.0
2023-07-07,2.80784023,2.83601254,2.85479408,2.79844946,96157858.0
2023-07-10,2.83601254,2.84540331,2.86418485,2.82662177,78364363.0
2023-07-11,2.84540331,2.84540331,2.86418485,2.817231,57728183.0
2023-07-12,2.83601254,2.83601254,2.86418485,2.82662177,76102271.0
2023-07-13,2.86418485,2.9111387,2.92052947,2.85479408,156547123.0
2023-07-14,2.93931101,2.95809255,2.98626486,2.92052947,181994449.0
2023-07-17,2.93931101,2.89235716,2.94870178,2.87357562,107959627.0
2023-07-18,2.89235716,2.90174793,2.92052947,2.86418485,68973042.0
2023-07-19,2.90174793,2.9111387,2.92992024,2.89235716,68634905.0
2023-07-20,2.92052947,2.93931101,2.97687409,2.9111387,120157269.0
2023-07-21,2.92052947,2.92052947,2.94870178,2.90174793,71961100.0
2023-07-24,2.90174793,2.89235716,2.92052947,2.88296639,57761217.0
2023-07-25,2.9111387,2.98626486,3.0050464,2.9111387,139431150.0
2023-07-26,3.0050464,2.99565563,3.01443717,2.96748332,90066788.0
2023-07-27,3.0050464,3.0050464,3.04260948,2.98626486,81652293.0
2023-07-28,2.98626486,3.02382794,3.03321871,2.95809255,95672829.0
2023-07-31,3.04260948,3.05200025,3.0989541,3.03321871,115009611.0
2023-08-01,3.08956333,3.10834487,3.18347103,3.06139102,193963601.0
2023-08-02,3.08017256,3.07078179,3.10834487,3.05200025,116286782.0
2023-08-03,3.03321871,3.05200025,3.06139102,3.0050464,106223918.0
2023-08-04,3.07078179,3.07078179,3.13651718,3.06139102,115350170.0
2023-08-07,3.06139102,3.06139102,3.07078179,3.03321871,77297725.0
2023-08-08,3.05200025,3.08017256,3.08956333,3.01443717,82504380.0
2023-08-09,3.05200025,3.02382794,3.05200025,3.01443717,67858759.0
2023-08-10,3.02382794,3.01443717,3.04260948,3.0050464,60262886.0
2023-08-11,3.01443717,2.95809255,3.03321871,2.94870178,86821197.0
2023-08-14,2.92052947,3.01443717,3.01443717,2.9111387,101019140.0
2023-08-15,3.0050464,3.0050464,3.02382794,2.96748332,73513302.0
2023-08-16,2.97687409,3.01443717,3.04260948,2.95809255,91511886.0
2023-08-17,2.99565563,2.97687409,3.01443717,2.93931101,119152971.0
2023-08-18,2.99565563,2.93931101,3.0050464,2.92052947,89214071.0
2023-08-21,2.92992024,2.93931101,3.0050464,2.92052947,100419703.0
2023-08-22,2.94870178,2.96748332,2.98626486,2.92052947,97006529.0
2023-08-23,2.96748332,2.90174793,2.97687409,2.90174793,79234110.0
2023-08-24,2.9111387,2.98626486,3.0050464,2.9111387,145399163.0
2023-08-25,2.96748332,2.9111387,2.97687409,2.90174793,140885100.0
2023-08-28,3.04260948,2.99565563,3.07078179,2.96748332,160772460.0
2023-08-29,2.97687409,2.99565563,3.01443717,2.95809255,122916733.0
2023-08-30,3.0050464,3.02382794,3.07078179,3.0050464,139132751.0
2023-08-31,3.03321871,3.01443717,3.08017256,3.0050464,108595875.0
2023-09-01,3.02382794,3.12712641,3.14590795,3.02382794,272625051.0
2023-09-04,3.16468949,3.23042488,3.26798796,3.14590795,286235998.0
2023-09-05,3.21164334,3.1928618,3.22103411,3.16468949,146691757.0
2023-09-06,3.16468949,3.17408026,3.20225257,3.15529872,93831847.0
2023-09-07,3.16468949,3.12712641,3.17408026,3.10834487,106898380.0
2023-09-08,3.11773564,3.10834487,3.14590795,3.0989541,68729046.0
2023-09-11,3.10834487,3.13651718,3.16468949,3.0989541,96111905.0
2023-09-12,3.14590795,3.0989541,3.17408026,3.0989541,80686969.0
2023-09-13,3.08956333,3.10834487,3.12712641,3.08017256,89818800.0
2023-09-14,3.0989541,3.14590795,3.15529872,3.0989541,104630634.0
2023-09-15,3.15529872,3.14590795,3.23042488,3.12712641,137794800.0
2023-09-18,3.15529872,3.13651718,3.15529872,3.08017256,92792114.0
2023-09-19,3.12712641,3.16468949,3.16468949,3.11773564,92766968.0
2023-09-20,3.15529872,3.10834487,3.15529872,3.10834487,86555267.0
2023-09-21,3.0989541,3.08017256,3.11773564,3.07078179,85880879.0
2023-09-22,3.08017256,3.05200025,3.0989541,3.03321871,103860639.0
2023-09-25,3.05200025,3.04260948,3.0989541,3.04260948,85654329.0
2023-09-26,3.04260948,3.02382794,3.05200025,3.01443717,71585546.0
2023-09-27,3.01443717,3.0050464,3.03321871,2.98626486,94515700.0
2023-09-28,3.01443717,2.99565563,3.02382794,2.99565563,66782088.0
2023-10-09,2.99565563,3.02382794,3.03321871,2.94870178,103386548.0
2023-10-10,3.02382794,2.97687409,3.03321871,2.96748332,70220143.0
2023-10-11,2.98626486,2.94870178,2.99565563,2.93931101,69078404.0
2023-10-12,2.94870178,3.02382794,3.03321871,2.94870178,88997680.0
2023-10-13,3.0050464,2.96748332,3.0050464,2.95809255,66806900.0
2023-10-16,2.97687409,2.94870178,2.98626486,2.92992024,68176890.0
2023-10-17,2.94870178,2.92052947,2.95809255,2.88296639,72250745.0
2023-10-18,2.9111387,2.89235716,2.93931101,2.89235716,54118358.0
2023-10-19,2.89235716,2.86418485,2.9111387,2.86418485,60657555.0
2023-10-20,2.86418485,2.84540331,2.88296639,2.84540331,57407800.0
2023-10-23,2.83601254,2.76088638,2.83601254,2.75149561,73890406.0
2023-10-24,2.76088638,2.80784023,2.817231,2.76088638,70481900.0
2023-10-25,2.85479408,2.86418485,2.90174793,2.85479408,80419277.0
2023-10-26,2.85479408,2.85479408,2.87357562,2.79844946,71657746.0
2023-10-27,2.84540331,2.89235716,2.9111387,2.83601254,69034705.0
2023-10-30,2.89235716,2.92992024,2.94870178,2.89235716,93353800.0
2023-10-31,2.94870178,2.92052947,2.95809255,2.90174793,63824150.0
2023-11-01,2.93931101,2.90174793,2.93931101,2.90174793,42086435.0
2023-11-02,2.9111387,2.87357562,2.93931101,2.86418485,73007500.0
2023-11-03,2.88296639,2.87357562,2.90174793,2.86418485,64018900.0
2023-11-06,2.88296639,2.84540331,2.89235716,2.82662177,145807850.0
2023-11-07,2.82662177,2.82662177,2.84540331,2.79844946,104481129.0
2023-11-08,2.80784023,2.78905869,2.817231,2.77027715,138266951.0
2023-11-09,2.77027715,2.78905869,2.80784023,2.77027715,81535609.0
2023-11-10,2.77966792,2.78905869,2.79844946,2.77027715,56522400.0
2023-11-13,2.79844946,2.82662177,2.83601254,2.77966792,84696527.0
2023-11-14,2.83601254,2.817231,2.84540331,2.80784023,61549255.0
2023-11-15,2.84540331,2.89235716,2.89235716,2.84540331,154133017.0
2023-11-16,2.88296639,2.83601254,2.88296639,2.83601254,80296354.0
2023-11-17,2.82662177,2.82662177,2.83601254,2.79844946,63838850.0
2023-11-20,2.83601254,2.82662177,2.84540331,2.80784023,75106006.0
2023-11-21,2.84540331,2.87357562,2.89235716,2.83601254,124314041.0
2023-11-22,2.86418485,2.83601254,2.87357562,2.82662177,59462500.0
2023-11-23,2.82662177,2.84540331,2.85479408,2.817231,56820930.0
2023-11-24,2.84540331,2.84540331,2.86418485,2.83601254,50009968.0
2023-11-27,2.84540331,2.82662177,2.85479408,2.80784023,65838540.0
2023-11-28,2.82662177,2.83601254,2.83601254,2.80784023,47178355.0
2023-11-29,2.84540331,2.87357562,2.9111387,2.84540331,162985034.0
2023-11-30,2.87357562,2.85479408,2.87357562,2.82662177,94072959.0
2023-12-01,2.85479408,2.86418485,2.87357562,2.82662177,68593910.0
2023-12-04,2.9111387,2.90174793,2.93931101,2.89235716,145571705.0
2023-12-05,2.86418485,2.83601254,2.87357562,2.83601254,94473105.0
2023-12-06,2.82662177,2.85479408,2.86418485,2.817231,75412109.0
2023-12-07,2.84540331,2.84540331,2.85479408,2.82662177,62451783.0
2023-12-08,2.84540331,2.84540331,2.86418485,2.83601254,57784700.0
2023-12-11,2.83601254,2.85479408,2.85479408,2.78905869,92317350.0
2023-12-12,2.84540331,2.83601254,2.84540331,2.817231,55083057.0
2023-12-13,2.82662177,2.78905869,2.83601254,2.78905869,75955711.0
2023-12-14,2.80784023,2.78905869,2.82662177,2.77027715,80444577.0
2023-12-15,2.80784023,2.78905869,2.817231,2.77966792,80280196.0
2023-12-18,2.77027715,2.73271407,2.78905869,2.7233233,97673090.0
2023-12-19,2.7233233,2.7233233,2.74210484,2.70454176,52966289.0
2023-12-20,2.7233233,2.73271407,2.75149561,2.7233233,49302333.0
2023-12-21,2.7233233,2.73271407,2.74210484,2.69515099,62992079.0
2023-12-22,2.73271407,2.76088638,2.77966792,2.70454176,87756237.0
2023-12-25,2.75149561,2.77966792,2.78905869,2.74210484,65111426.0
2023-12-26,2.78905869,2.817231,2.82662177,2.77966792,105210285.0
2023-12-27,2.80784023,2.95809255,2.96748332,2.80784023,250269328.0
2023-12-28,2.98626486,3.05200025,3.0989541,2.97687409,279014621.0
2023-12-29,3.01443717,3.08017256,3.12712641,3.01443717,189223691.0
2024-01-02,3.08956333,3.10834487,3.12712641,3.06139102,161516735.0
2024-01-03,3.08017256,3.06139102,3.10834487,3.03321871,171185506.0
2024-01-04,3.05200025,3.07078179,3.08017256,3.01443717,121752233.0
2024-01-05,3.06139102,3.05200025,3.0989541,3.02382794,99719316.0
2024-01-08,3.06139102,3.04260948,3.0989541,3.03321871,140502431.0
2024-01-09,3.05200025,3.11773564,3.15529872,3.01443717,175698279.0
2024-01-10,3.10834487,3.07078179,3.11773564,3.06139102,114039215.0
2024-01-11,3.06139102,3.06139102,3.08956333,3.04260948,94600665.0
2024-01-12,3.05200025,3.08017256,3.12712641,3.04260948,99532811.0
2024-01-15,3.08956333,3.08017256,3.0989541,3.06139102,66344400.0
2024-01-16,3.07078179,3.08017256,3.08956333,3.02382794,88460072.0
2024-01-17,3.08017256,2.98626486,3.08017256,2.97687409,122423050.0
2024-01-18,2.95809255,2.94870178,2.96748332,2.84540331,174331427.0
2024-01-19,2.95809255,2.89235716,2.97687409,2.87357562,113825500.0
2024-01-22,2.89235716,2.77027715,2.9111387,2.73271407,127109012.0
2024-01-23,2.75149561,2.74210484,2.77966792,2.68576022,219913446.0
2024-01-24,2.77027715,2.82662177,2.83601254,2.70454176,182925324.0
2024-01-25,2.85479408,2.92992024,2.92992024,2.84540331,158363551.0
2024-01-26,2.92992024,2.96748332,3.0050464,2.9111387,144524781.0
2024-01-29,2.97687409,2.92992024,3.0050464,2.92052947,113992400.0
2024-01-30,2.92052947,2.86418485,2.93931101,2.84540331,107429984.0
2024-01-31,2.87357562,2.83601254,2.90174793,2.82662177,131648700.0
2024-02-01,2.817231,2.87357562,2.95809255,2.79844946,184135525.0
2024-02-02,2.86418485,2.83601254,2.9111387,2.76088638,178896106.0
2024-02-05,2.817231,2.80784023,2.90174793,2.76088638,214796900.0
2024-02-06,2.79844946,2.98626486,2.99565563,2.77027715,211639102.0
2024-02-07,2.98626486,3.07078179,3.07078179,2.96748332,217748563.0
2024-02-08,3.05200025,3.04260948,3.14590795,3.0050464,233461860.0
2024-02-19,3.07078179,3.11773564,3.12712641,2.99565563,206327768.0
2024-02-20,3.0989541,3.16468949,3.21164334,3.08017256,194232928.0
2024-02-21,3.16468949,3.13651718,3.21164334,3.11773564,173757242.0
2024-02-22,3.12712641,3.1928618,3.20225257,3.0989541,167236831.0
2024-02-23,3.1928618,3.22103411,3.25859719,3.17408026,161523974.0
2024-02-26,3.20225257,3.0989541,3.22103411,3.08956333,179278020.0
2024-02-27,3.08017256,3.08956333,3.10834487,3.04260948,191221033.0
2024-02-28,3.07078179,3.02382794,3.0989541,3.02382794,165783472.0
2024-02-29,3.0050464,3.08017256,3.08017256,2.98626486,181963329.0
2024-03-01,3.07078179,3.06139102,3.08017256,3.02382794,165745249.0
2024-03-04,3.08017256,3.05200025,3.10834487,3.02382794,151066097.0
2024-03-05,3.04260948,3.06139102,3.08956333,3.02382794,153814071.0
2024-03-06,3.04260948,3.08017256,3.10834487,3.03321871,177384202.0
2024-03-07,3.10834487,3.30555104,3.39006797,3.0989541,728720892.0
2024-03-08,3.36189566,3.5684926,3.5684926,3.2867695,807244606.0
2024-03-11,3.55910183,3.43702182,3.55910183,3.34311412,651324243.0
2024-03-12,3.42763105,3.32433258,3.44641259,3.27737873,506927854.0
2024-03-13,3.30555104,3.35250489,3.37128643,3.26798796,361537979.0
2024-03-14,3.57788337,3.55910183,3.69057261,3.52153875,934949149.0
2024-03-15,3.54032029,3.756308,3.81265262,3.46519413,802399515.0
2024-03-18,3.76569877,3.70935415,3.83143416,3.67179107,559082711.0
2024-03-19,3.68118184,3.65300953,3.78448031,3.63422799,399202830.0
2024-03-20,3.60605568,3.6624003,3.72813569,3.58727414,403495839.0
2024-03-21,3.70935415,3.69996338,3.74691723,3.64361876,351483199.0
2024-03-22,3.60605568,3.57788337,3.64361876,3.53092952,338221589.0
2024-03-25,3.55910183,3.58727414,3.68118184,3.55910183,285650995.0
2024-03-26,3.57788337,3.53092952,3.58727414,3.46519413,265098131.0
2024-03-27,3.52153875,3.54032029,3.59666491,3.50275721,249334984.0
2024-03-28,3.52153875,3.67179107,3.71874492,3.52153875,355978985.0
2024-03-29,3.70935415,3.72813569,3.74691723,3.6624003,334796121.0
2024-04-01,3.79387108,3.72813569,3.85960647,3.65300953,410348595.0
2024-04-02,3.70935415,3.72813569,3.81265262,3.69057261,304488692.0
2024-04-03,3.78448031,3.85960647,3.92534186,3.71874492,630698914.0
2024-04-08,3.89716955,3.86899724,4.16950188,3.84082493,737533717.0
2024-04-09,3.8502157,3.85960647,3.91595109,3.80326185,359395490.0
2024-04-10,3.86899724,3.98168648,4.05681264,3.82204339,439733256.0
2024-04-11,3.87838801,3.90656032,4.01924956,3.79387108,388800846.0
2024-04-12,3.9441234,3.93473263,3.99107725,3.85960647,328852817.0
2024-04-15,3.86899724,3.92534186,3.92534186,3.72813569,355488150.0
2024-04-16,3.87838801,3.756308,3.93473263,3.71874492,333212890.0
2024-04-17,3.73752646,3.86899724,3.87838801,3.70935415,286742874.0
2024-04-18,3.8502157,4.01924956,4.02864033,3.83143416,384843840.0
2024-04-19,4.02864033,3.97229571,4.16950188,3.91595109,408566835.0
2024-04-22,4.02864033,3.80326185,4.06620341,3.78448031,374233558.0
2024-04-23,3.70935415,3.57788337,3.71874492,3.54032029,411964196.0
2024-04-24,3.5684926,3.64361876,3.65300953,3.54971106,253226755.0
2024-04-25,3.60605568,3.6624003,3.69996338,3.5684926,199113723.0
2024-04-26,3.69057261,3.78448031,3.79387108,3.68118184,354620950.0
2024-04-29,3.756308,3.77508954,3.79387108,3.63422799,371238295.0
2024-04-30,3.83143416,3.79387108,3.86899724,3.77508954,252987961.0
2024-05-06,3.72813569,3.82204339,3.82204339,3.68118184,273110290.0
2024-05-07,3.83143416,3.756308,3.86899724,3.74691723,259735906.0
2024-05-08,3.71874492,3.69057261,3.74691723,3.67179107,189477228.0
2024-05-09,3.67179107,3.82204339,3.85960647,3.6624003,282326422.0
2024-05-10,3.86899724,3.87838801,3.91595109,3.78448031,252336324.0
2024-05-13,3.81265262,3.84082493,3.86899724,3.74691723,195680251.0
2024-05-14,3.88777878,3.89716955,3.92534186,3.82204339,274969519.0
2024-05-15,3.8502157,3.8502157,3.92534186,3.81265262,236657490.0
2024-05-16,3.89716955,3.79387108,3.93473263,3.76569877,313890514.0
2024-05-17,3.79387108,3.85960647,3.85960647,3.74691723,237770202.0
2024-05-20,4.0380311,4.08498495,4.12254803,3.95351417,588956846.0
2024-05-21,4.08498495,3.92534186,4.11315726,3.89716955,354421184.0
2024-05-22,3.92534186,3.8502157,3.93473263,3.81265262,269426900.0
2024-05-23,3.70935415,3.69057261,3.72813569,3.65300953,264955707.0
2024-05-24,3.67179107,3.70935415,3.77508954,3.6624003,185182052.0
2024-05-27,3.70935415,3.77508954,3.78448031,3.70935415,147876749.0
2024-05-28,3.81265262,3.79387108,3.86899724,3.77508954,216890784.0
2024-05-29,3.76569877,3.89716955,3.96290494,3.756308,321553963.0
2024-05-30,3.87838801,3.73752646,3.87838801,3.70935415,293770298.0
2024-05-31,3.70935415,3.71874492,3.756308,3.69057261,168853267.0
2024-06-03,3.68118184,3.63422799,3.69996338,3.58727414,179209588.0
2024-06-04,3.64361876,3.67179107,3.69996338,3.61544645,140826353.0
2024-06-05,3.58727414,3.54971106,3.59666491,3.54032029,181889243.0
2024-06-06,3.58727414,3.57788337,3.61544645,3.55910183,163297860.0
2024-06-07,3.63543622,3.63543622,3.68339712,3.57788314,174451768.0
2024-06-11,3.55869878,3.57788314,3.58747532,3.51073788,169603932.0
2024-06-12,3.5491066,3.58747532,3.60665968,3.53951442,146120875.0
2024-06-13,3.56829096,3.48196134,3.56829096,3.43400044,214930991.0
2024-06-14,3.4531848,3.5011457,3.51073788,3.43400044,139328654.0
2024-06-17,3.47236916,3.4052239,3.5011457,3.39563172,158710475.0
2024-06-18,3.4052239,3.42440826,3.44359262,3.38603954,123787965.0
2024-06-19,3.42440826,3.4531848,3.48196134,3.41481608,130344500.0
2024-06-20,3.46277698,3.43400044,3.5011457,3.41481608,127459675.0
2024-06-21,3.44359262,3.43400044,3.5011457,3.41481608,131823701.0
2024-06-24,3.33807864,3.36685518,3.39563172,3.3093021,141873225.0
2024-06-25,3.357263,3.42440826,3.47236916,3.357263,158196383.0
2024-06-26,3.4052239,3.4531848,3.4531848,3.33807864,125361639.0
2024-06-27,3.42440826,3.36685518,3.42440826,3.34767082,117574706.0
2024-06-28,3.357263,3.46277698,3.48196134,3.33807864,167598206.0
2024-07-01,3.4531848,3.53951442,3.55869878,3.44359262,158183094.0
2024-07-02,3.52992224,3.52992224,3.57788314,3.51073788,121045200.0
2024-07-03,3.53951442,3.52033006,3.55869878,3.48196134,88612850.0
2024-07-04,3.55869878,3.47236916,3.58747532,3.46277698,128481174.0
2024-07-05,3.46277698,3.53951442,3.5491066,3.44359262,125858249.0
2024-07-08,3.53951442,3.52992224,3.57788314,3.52033006,178685907.0
2024-07-09,3.51073788,3.60665968,3.61625186,3.49155352,165570554.0
2024-07-10,3.58747532,3.47236916,3.60665968,3.4531848,181773475.0
2024-07-11,3.51073788,3.60665968,3.62584404,3.49155352,200205453.0
2024-07-12,3.57788314,3.5011457,3.58747532,3.49155352,197586086.0
2024-07-15,3.48196134,3.5011457,3.53951442,3.4531848,133872321.0
2024-07-16,3.47236916,3.46277698,3.5011457,3.43400044,127786789.0
2024-07-17,3.4531848,3.357263,3.46277698,3.33807864,183905135.0
2024-07-18,3.31889428,3.32848646,3.33807864,3.24215684,159235654.0
2024-07-19,3.24215684,3.24215684,3.2613412,3.18460376,171538299.0
2024-07-22,3.2133803,3.1654194,3.23256466,3.14623504,148791303.0
2024-07-23,3.15582722,3.0215367,3.17501158,3.01194452,225077932.0
2024-07-24,3.01194452,3.00235234,3.0694976,2.98316798,146310319.0
2024-07-25,2.9256149,2.90643054,2.9735758,2.877654,202837360.0
2024-07-26,2.9256149,2.95439144,2.98316798,2.91602272,152435988.0
2024-07-29,2.96398362,2.95439144,2.98316798,2.93520708,105100670.0
2024-07-30,2.9256149,2.91602272,2.9256149,2.89683836,134083227.0
2024-07-31,2.93520708,3.0215367,3.0215367,2.9256149,200253479.0
2024-08-01,3.05990542,3.03112888,3.08868196,3.01194452,238936148.0
2024-08-02,2.9735758,2.98316798,3.01194452,2.95439144,144998506.0
2024-08-05,2.95439144,2.9256149,3.00235234,2.9256149,195913788.0
2024-08-06,2.9256149,2.93520708,2.9735758,2.90643054,174473237.0
2024-08-07,2.9256149,2.94479926,2.9735758,2.90643054,149020434.0
2024-08-08,2.93520708,2.94479926,2.96398362,2.90643054,129014665.0
2024-08-09,2.96398362,2.95439144,3.01194452,2.95439144,188498456.0
2024-08-12,2.95439144,2.95439144,2.9735758,2.93520708,85468579.0
2024-08-13,2.9735758,2.94479926,2.98316798,2.91602272,116384657.0
2024-08-14,2.94479926,2.90643054,2.94479926,2.89683836,110783635.0
2024-08-15,2.90643054,2.95439144,2.9735758,2.877654,161244553.0
2024-08-16,2.9735758,2.95439144,3.01194452,2.94479926,154276054.0
2024-08-19,2.95439144,2.99276016,3.01194452,2.94479926,150371905.0
2024-08-20,3.00235234,2.93520708,3.01194452,2.93520708,121051305.0
2024-08-21,2.93520708,2.96398362,2.9735758,2.91602272,121949620.0
2024-08-22,2.95439144,2.93520708,2.9735758,2.9256149,112044100.0
2024-08-23,2.9256149,2.96398362,2.98316798,2.91602272,122736084.0
2024-08-26,2.99276016,2.99276016,3.0215367,2.94479926,136843200.0
2024-08-27,2.9735758,2.93520708,2.98316798,2.9256149,111914504.0
2024-08-28,2.94479926,2.9256149,2.99276016,2.90643054,213288672.0
2024-08-29,2.90643054,2.93520708,2.95439144,2.877654,184837671.0
2024-08-30,2.9256149,2.98316798,3.0215367,2.90643054,240787984.0
2024-09-02,2.95439144,2.89683836,2.96398362,2.89683836,227095787.0
2024-09-03,2.89683836,2.89683836,2.91602272,2.88724618,121459203.0
2024-09-04,2.84887746,2.79132438,2.85846964,2.77214002,261255408.0
2024-09-05,2.79132438,2.81050874,2.83928528,2.77214002,161658103.0
2024-09-06,2.82010092,2.82010092,2.84887746,2.79132438,134086376.0
2024-09-09,2.79132438,2.80091656,2.80091656,2.76254784,123300768.0
2024-09-10,2.81050874,2.79132438,2.81050874,2.74336348,124681340.0
2024-09-11,2.77214002,2.76254784,2.79132438,2.74336348,119300633.0
2024-09-12,2.77214002,2.81050874,2.83928528,2.76254784,195498982.0
2024-09-13,2.83928528,2.8296931,2.85846964,2.82010092,151307782.0
2024-09-18,2.8296931,2.8296931,2.84887746,2.7817322,110537079.0
2024-09-19,2.8296931,2.96398362,2.96398362,2.81050874,266090773.0
2024-09-20,2.96398362,3.04072106,3.05031324,2.93520708,250319733.0
2024-09-23,3.0215367,3.0215367,3.05990542,3.00235234,153293505.0
2024-09-24,3.04072106,3.14623504,3.15582722,3.04072106,253555617.0
2024-09-25,3.22297248,3.14623504,3.2613412,3.13664286,277494016.0
2024-09-26,3.13664286,3.29970992,3.29970992,3.12705068,231446756.0
2024-09-27,3.37644736,3.41481608,3.4531848,3.32848646,301923044.0
2024-09-30,3.53951442,3.70258148,3.71217366,3.46277698,507771775.0
2024-10-08,4.05749214,3.72176584,4.0766765,3.52033006,687009287.0
2024-10-09,3.61625186,3.36685518,3.61625186,3.34767082,447608281.0
2024-10-10,3.37644736,3.4531848,3.55869878,3.33807864,315147264.0
2024-10-11,3.48196134,3.36685518,3.5011457,3.3093021,225386140.0
2024-10-14,3.37644736,3.4531848,3.48196134,3.36685518,233580385.0
2024-10-15,3.43400044,3.31889428,3.43400044,3.3093021,221634793.0
2024-10-16,3.2613412,3.32848646,3.37644736,3.2613412,150948104.0
2024-10-17,3.34767082,3.2613412,3.37644736,3.2613412,149593045.0
2024-10-18,3.27093338,3.33807864,3.39563172,3.2613412,225037390.0
2024-10-21,3.36685518,3.37644736,3.42440826,3.32848646,241611596.0
2024-10-22,3.34767082,3.37644736,3.39563172,3.32848646,197107747.0
2024-10-23,3.37644736,3.39563172,3.42440826,3.34767082,224710479.0
2024-10-24,3.357263,3.34767082,3.36685518,3.3093021,167115868.0
2024-10-25,3.32848646,3.32848646,3.357263,3.3093021,165827289.0
2024-10-28,3.32848646,3.41481608,3.41481608,3.31889428,260820798.0
2024-10-29,3.38603954,3.25174902,3.39563172,3.23256466,442276899.0
2024-10-30,3.24215684,3.24215684,3.27093338,3.20378812,201150800.0
2024-10-31,3.23256466,3.2613412,3.28052556,3.2133803,220762454.0
2024-11-01,3.24215684,3.37644736,3.44359262,3.23256466,505922801.0
2024-11-04,3.38603954,3.4052239,3.4052239,3.29970992,296844802.0
2024-11-05,3.37644736,3.49155352,3.5011457,3.357263,399660589.0
2024-11-06,3.5011457,3.4531848,3.52033006,3.43400044,331964933.0
2024-11-07,3.38603954,3.5011457,3.5011457,3.32848646,394751384.0
2024-11-08,3.56829096,3.4531848,3.61625186,3.43400044,414207571.0
2024-11-11,3.41481608,3.4052239,3.43400044,3.357263,297216011.0
2024-11-12,3.38603954,3.32848646,3.43400044,3.29970992,325702977.0
2024-11-13,3.29011774,3.32848646,3.36685518,3.28052556,194246307.0
2024-11-14,3.29970992,3.22297248,3.31889428,3.22297248,240158570.0
2024-11-15,3.23256466,3.2133803,3.27093338,3.2133803,187627001.0
2024-11-18,3.2133803,3.23256466,3.28052556,3.18460376,242677924.0
2024-11-19,3.23256466,3.2613412,3.2613412,3.20378812,172281331.0
2024-11-20,3.25174902,3.2613412,3.27093338,3.22297248,167346675.0
2024-11-21,3.25174902,3.25174902,3.28052556,3.23256466,140584687.0
2024-11-22,3.24215684,3.15582722,3.25174902,3.15582722,205468177.0
2024-11-25,3.15582722,3.14623504,3.18460376,3.1174585,124798078.0
2024-11-26,3.13664286,3.12705068,3.1654194,3.12705068,99528846.0
2024-11-27,3.13664286,3.15582722,3.15582722,3.05031324,156546876.0
2024-11-28,3.13664286,3.12705068,3.1654194,3.12705068,124315165.0
2024-11-29,3.12705068,3.1654194,3.18460376,3.1174585,154072799.0
2024-12-02,3.24215684,3.32848646,3.33807864,3.23256466,408777997.0
2024-12-03,3.32848646,3.32848646,3.33807864,3.2613412,211774854.0
2024-12-04,3.33807864,3.31889428,3.36685518,3.29970992,191176190.0
2024-12-05,3.3093021,3.3093021,3.32848646,3.28052556,129254604.0
2024-12-06,3.29970992,3.34767082,3.357263,3.29970992,215003477.0
2024-12-09,3.34767082,3.357263,3.4052239,3.33807864,190912940.0
2024-12-10,3.43400044,3.357263,3.46277698,3.34767082,228085606.0
2024-12-11,3.357263,3.43400044,3.4531848,3.33807864,269974003.0
2024-12-12,3.44359262,3.43400044,3.4531848,3.39563172,215260259.0
2024-12-13,3.4052239,3.3093021,3.41481608,3.29011774,550747306.0
2024-12-16,3.29970992,3.3093021,3.34767082,3.29011774,185053016.0
2024-12-17,3.3093021,3.2613412,3.32848646,3.25174902,149715729.0
2024-12-18,3.2613412,3.22297248,3.28052556,3.2133803,160890374.0
2024-12-19,3.18460376,3.18460376,3.19419594,3.15582722,181694752.0
2024-12-20,3.17501158,3.14623504,3.19419594,3.13664286,163905646.0
2024-12-23,3.15582722,3.15582722,3.19419594,3.14623504,144229129.0
2024-12-24,3.15582722,3.19419594,3.19419594,3.14623504,120096715.0
2024-12-25,3.19419594,3.17501158,3.2133803,3.1654194,119119215.0
2024-12-26,3.17501158,3.15582722,3.19419594,3.14623504,97095650.0
2024-12-27,3.15582722,3.17501158,3.18460376,3.14623504,107821078.0
2024-12-30,3.17501158,3.17501158,3.19419594,3.15582722,86318120.0
2024-12-31,3.1654194,3.09827414,3.18460376,3.08868196,180299034.0
2025-01-02,3.09827414,3.05031324,3.12705068,3.03112888,163786588.0
2025-01-03,3.05990542,3.07908978,3.1654194,3.05031324,248807919.0
2025-01-06,3.08868196,3.09827414,3.14623504,3.04072106,169964967.0
2025-01-07,3.09827414,3.14623504,3.15582722,3.0694976,152329409.0
2025-01-08,3.13664286,3.08868196,3.13664286,3.04072106,156561817.0
2025-01-09,3.08868196,3.08868196,3.10786632,3.05990542,100651155.0
2025-01-10,3.09827414,3.08868196,3.14623504,3.08868196,162555785.0
2025-01-13,3.07908978,3.14623504,3.15582722,3.04072106,169901083.0
2025-01-14,3.12705068,3.17501158,3.18460376,3.1174585,177236917.0
2025-01-15,3.1654194,3.13664286,3.18460376,3.12705068,123605200.0
2025-01-16,3.1654194,3.20378812,3.2133803,3.15582722,202267380.0
2025-01-17,3.19419594,3.19419594,3.20378812,3.1654194,103647087.0
2025-01-20,3.19419594,3.15582722,3.20378812,3.15582722,116719400.0
2025-01-21,3.1654194,3.14623504,3.17501158,3.12705068,87530000.0
2025-01-22,3.14623504,3.10786632,3.14623504,3.09827414,84492136.0
2025-01-23,3.12705068,3.09827414,3.17501158,3.09827414,131762510.0
2025-01-24,3.10786632,3.13664286,3.14623504,3.09827414,104235700.0
2025-01-27,3.12705068,3.13664286,3.17501158,3.12705068,110394588.0
2025-02-05,3.15582722,3.13664286,3.1654194,3.1174585,119040278.0
2025-02-06,3.15582722,3.19419594,3.19419594,3.14623504,154032880.0
2025-02-07,3.19419594,3.24215684,3.25174902,3.18460376,216657641.0
2025-02-10,3.25174902,3.2613412,3.29970992,3.23256466,153821062.0
2025-02-11,3.27093338,3.2613412,3.3093021,3.24215684,187757409.0
2025-02-12,3.25174902,3.2133803,3.25174902,3.18460376,199083487.0
2025-02-13,3.22297248,3.19419594,3.24215684,3.19419594,125141016.0
2025-02-14,3.2133803,3.22297248,3.23256466,3.19419594,119343006.0
2025-02-17,3.20378812,3.17501158,3.20378812,3.15582722,151693267.0
2025-02-18,3.1654194,3.12705068,3.17501158,3.1174585,136413816.0
2025-02-19,3.13664286,3.10786632,3.14623504,3.09827414,146343686.0
2025-02-20,3.10786632,3.1174585,3.12705068,3.09827414,124101783.0
2025-02-21,3.1174585,3.1174585,3.14623504,3.10786632,155497675.0
2025-02-24,3.10786632,3.1174585,3.12705068,3.08868196,130921759.0
2025-02-25,3.10786632,3.0694976,3.1174585,3.0694976,131078444.0
2025-02-26,3.08868196,3.12705068,3.1654194,3.07908978,244191513.0
2025-02-27,3.13664286,3.1174585,3.15582722,3.09827414,126289010.0
2025-02-28,3.10786632,3.07908978,3.1174585,3.0694976,120452150.0
2025-03-03,3.08868196,3.10786632,3.12705068,3.07908978,122731435.0
2025-03-04,3.09827414,3.10786632,3.10786632,3.07908978,78715245.0
2025-03-05,3.09827414,3.13664286,3.13664286,3.07908978,144214557.0
2025-03-06,3.1654194,3.17501158,3.2133803,3.15582722,225782843.0
2025-03-07,3.18460376,3.2133803,3.24215684,3.17501158,232411101.0
2025-03-10,3.23256466,3.23256466,3.24215684,3.18460376,188827534.0
2025-03-11,3.19419594,3.24215684,3.24215684,3.17501158,172891352.0
2025-03-12,3.27093338,3.3093021,3.32848646,3.25174902,312292394.0
2025-03-13,3.3093021,3.3093021,3.34767082,3.27093338,212421974.0
2025-03-14,3.357263,3.37644736,3.38603954,3.32848646,328363939.0
2025-03-17,3.357263,3.33807864,3.38603954,3.32848646,178473367.0
2025-03-18,3.36685518,3.357263,3.42440826,3.33807864,251305487.0
2025-03-19,3.357263,3.36685518,3.36685518,3.3093021,164949516.0
2025-03-20,3.42440826,3.37644736,3.43400044,3.37644736,184945320.0
2025-03-21,3.36685518,3.31889428,3.4052239,3.3093021,194980136.0
2025-03-24,3.32848646,3.47236916,3.52992224,3.31889428,552443648.0
2025-03-25,3.5011457,3.48196134,3.5970675,3.44359262,445826780.0
2025-03-26,3.5491066,3.4531848,3.62584404,3.44359262,534842144.0
2025-03-27,3.39563172,3.37644736,3.42440826,3.34767082,310709860.0
2025-03-28,3.36685518,3.357263,3.38603954,3.31889428,216826600.0
2025-03-31,3.32848646,3.29011774,3.32848646,3.24215684,236131700.0
2025-04-01,3.3093021,3.29970992,3.33807864,3.29011774,165361605.0
2025-04-02,3.29011774,3.28052556,3.31889428,3.27093338,116835266.0
2025-04-03,3.24215684,3.2133803,3.2613412,3.20378812,189264992.0
2025-04-07,2.95439144,2.89683836,2.99276016,2.89683836,343257800.0
2025-04-08,2.877654,2.8296931,2.89683836,2.7817322,397372621.0
2025-04-09,2.7817322,2.83928528,2.84887746,2.69540258,358841076.0
2025-04-10,2.9256149,2.90643054,2.94479926,2.877654,339093224.0
2025-04-11,2.877654,2.88724618,2.91602272,2.86806182,217336114.0
2025-04-14,2.9256149,2.98316798,3.00235234,2.9256149,340073316.0
2025-04-15,2.98316798,2.94479926,2.98316798,2.9256149,169297641.0
2025-04-16,2.94479926,2.9256149,2.95439144,2.88724618,152727731.0
2025-04-17,2.93520708,2.91602272,2.95439144,2.91602272,160087197.0
2025-04-18,2.91602272,2.94479926,2.95439144,2.90643054,143600635.0
2025-04-21,2.94479926,3.05990542,3.0694976,2.93520708,283846951.0
2025-04-22,3.05990542,3.05990542,3.08868196,3.03112888,213138184.0
2025-04-23,3.05031324,3.05031324,3.07908978,3.0215367,191080659.0
2025-04-24,3.05031324,3.03112888,3.0694976,3.01194452,144135340.0
2025-04-25,3.04072106,3.03112888,3.0694976,3.0215367,131632160.0
2025-04-28,3.03112888,3.04072106,3.05990542,3.01194452,123527240.0
2025-04-29,3.04072106,3.05031324,3.05990542,3.0215367,131094819.0
2025-04-30,3.05031324,3.03112888,3.05031324,3.03112888,114279204.0
2025-05-06,3.05031324,3.07908978,3.07908978,3.03112888,139824372.0
2025-05-07,3.10786632,3.0694976,3.1174585,3.05990542,134389435.0
2025-05-08,3.05990542,3.0694976,3.07908978,3.05031324,95161375.0
2025-05-09,3.0694976,3.04072106,3.07908978,3.03112888,100505364.0
2025-05-12,3.05990542,3.09827414,3.10786632,3.05031324,139882684.0
2025-05-13,3.10786632,3.09827414,3.1174585,3.07908978,105227405.0
2025-05-14,3.09827414,3.13664286,3.13664286,3.09827414,133733865.0
2025-05-15,3.12705068,3.07908978,3.13664286,3.0694976,121594539.0
2025-05-16,3.07908978,3.05031324,3.09827414,3.05031324,102725020.0
2025-05-19,3.05031324,3.05990542,3.0694976,3.03112888,76262000.0
2025-05-20,3.05990542,3.05031324,3.0694976,3.05031324,82678981.0
2025-05-21,3.05990542,3.09827414,3.09827414,3.05031324,122812955.0
2025-05-22,3.07908978,3.05031324,3.08868196,3.05031324,99177733.0
2025-05-23,3.05031324,3.0215367,3.0694976,3.0215367,104738580.0
2025-05-26,3.04072106,3.05031324,3.07908978,3.03112888,115522920.0
2025-05-27,3.05031324,3.01194452,3.05990542,3.00235234,117913370.0
2025-05-28,3.0215367,3.01194452,3.03112888,3.01194452,51472712.0
2025-05-29,3.01194452,3.05031324,3.05990542,3.00235234,124752440.0
2025-05-30,3.04072106,3.04072106,3.05990542,3.0215367,82604406.0
2025-06-03,3.05031324,3.05031324,3.0694976,3.04072106,81851046.0
2025-06-04,3.05990542,3.08868196,3.10786632,3.05031324,139732332.0
2025-06-05,3.08868196,3.05990542,3.08868196,3.04072106,125978822.0
2025-06-06,3.0694976,3.1174585,3.12705068,3.0694976,234316024.0
2025-06-09,3.10786632,3.10786632,3.1174585,3.07908978,142230832.0
2025-06-10,3.12705068,3.1174585,3.14623504,3.08868196,170410805.0
2025-06-11,3.10786632,3.15582722,3.17501158,3.10786632,179902743.0
2025-06-12,3.14623504,3.17501158,3.17501158,3.13664286,125271043.0
2025-06-13,3.17501158,3.15582722,3.18460376,3.13664286,136378098.0
2025-06-16,3.15582722,3.15582722,3.18460376,3.13664286,118298500.0
2025-06-17,3.1654194,3.1654194,3.18460376,3.15582722,82128865.0
2025-06-18,3.1654194,3.1654194,3.17501158,3.13664286,87442200.0
2025-06-19,3.15582722,3.1174585,3.1654194,3.10786632,111157878.0
2025-06-20,3.1174585,3.1174585,3.13664286,3.10786632,83186832.0
2025-06-23,3.11745735,3.12735404,3.1669408,3.10756066,118008308.0
2025-06-24,3.13725073,3.15704411,3.17683749,3.12735404,119424541.0
2025-06-25,3.1669408,3.1669408,3.17683749,3.13725073,110124588.0
2025-06-26,3.1669408,3.18673418,3.22632094,3.1669408,145709095.0
2025-06-27,3.22632094,3.29559777,3.33518453,3.21642425,295937222.0
2025-06-30,3.3648746,3.30549446,3.38466798,3.28570108,284415557.0
2025-07-01,3.30549446,3.3648746,3.37477129,3.25601101,270567659.0
2025-07-02,3.34508122,3.40446136,3.44404812,3.32528784,320323219.0
2025-07-03,3.43415143,3.40446136,3.44404812,3.37477129,203565574.0
2025-07-04,3.38466798,3.35497791,3.39456467,3.34508122,198936388.0
2025-07-07,3.34508122,3.3648746,3.38466798,3.33518453,162291695.0
2025-07-08,3.3648746,3.37477129,3.40446136,3.35497791,145222025.0
2025-07-09,3.43415143,3.29559777,3.4638415,3.27580439,371463354.0
2025-07-10,3.29559777,3.34508122,3.35497791,3.28570108,210132361.0
2025-07-11,3.34508122,3.38466798,3.43415143,3.34508122,265030792.0
2025-07-14,3.38466798,3.39456467,3.43415143,3.38466798,189217100.0
2025-07-15,3.38466798,3.34508122,3.40446136,3.32528784,160573768.0
2025-07-16,3.34508122,3.30549446,3.35497791,3.29559777,159164682.0
2025-07-17,3.31539115,3.30549446,3.31539115,3.28570108,115511985.0
2025-07-18,3.31539115,3.34508122,3.37477129,3.30549446,195942454.0
2025-07-21,3.3648746,3.48363488,3.48363488,3.3648746,360384444.0
2025-07-22,3.48363488,3.60239516,3.60239516,3.4638415,386262177.0
2025-07-23,3.6617753,3.61229185,3.75084551,3.59249847,449493342.0
2025-07-24,3.61229185,3.70136206,3.75084551,3.58260178,367924518.0
2025-07-25,3.67167199,3.64198192,3.70136206,3.61229185,249744490.0
2025-07-28,3.62218854,3.59249847,3.63208523,3.50342826,247216002.0
2025-07-29,3.57270509,3.58260178,3.60239516,3.53311833,145920481.0
2025-07-30,3.58260178,3.60239516,3.62218854,3.57270509,236818315.0
2025-07-31,3.52322164,3.44404812,3.53311833,3.42425474,325677948.0
2025-08-01,3.43415143,3.47373819,3.49353157,3.42425474,172276840.0
2025-08-04,3.4638415,3.49353157,3.52322164,3.44404812,164239499.0
2025-08-05,3.50342826,3.62218854,3.69146537,3.49353157,337675946.0
2025-08-06,3.69146537,3.98836607,3.98836607,3.68156868,815553293.0
2025-08-07,4.00815945,3.97846938,4.11702304,3.89929586,889811105.0
2025-08-08,3.94877931,3.98836607,4.03784952,3.90919255,393954922.0
2025-08-11,4.00815945,4.00815945,4.0576429,3.94877931,432539661.0
2025-08-12,4.00815945,3.99826276,4.03784952,3.91908924,324394026.0
2025-08-13,4.03784952,4.21598994,4.22588663,4.01805614,627257610.0
2025-08-14,4.16650649,4.14671311,4.26547339,4.13681642,457198788.0
2025-08-15,4.14671311,4.27537008,4.28526677,4.12691973,390310902.0
2025-08-18,4.16650649,4.20609325,4.2555767,4.03784952,567284459.0
2025-08-19,4.22588663,4.06753959,4.24568001,4.04774621,445294460.0
2025-08-20,4.07743628,4.14671311,4.20609325,4.0576429,342265754.0
2025-08-21,4.13681642,4.11702304,4.19619656,4.09722966,235417270.0
2025-08-22,4.09722966,4.10712635,4.14671311,4.0576429,244393010.0
2025-08-25,4.23578332,4.36444029,4.41392374,4.21598994,507186333.0
2025-08-26,4.3545436,4.40402705,4.43371712,4.27537008,333407456.0
2025-08-27,4.40402705,4.28526677,4.48320057,4.27537008,348579406.0
2025-08-28,4.26547339,4.31495684,4.34464691,4.16650649,309151326.0
2025-08-29,4.3545436,4.46340719,4.50299395,4.30506015,422847644.0
2025-09-01,4.51289064,4.54258071,4.62175423,4.40402705,474834986.0
2025-09-02,4.5524774,4.46340719,4.57227078,4.37433698,399694011.0
2025-09-03,4.54258071,4.40402705,4.59206416,4.36444029,373777569.0
2025-09-04,4.40402705,4.18629987,4.49309726,4.11702304,435466230.0
2025-09-05,4.1566098,4.41392374,4.42382043,4.13681642,364891157.0
2025-09-08,4.41392374,4.29516346,4.42382043,4.27537008,307030177.0
2025-09-09,4.30506015,4.29516346,4.42382043,4.27537008,321160067.0
2025-09-10,4.24568001,4.28526677,4.30506015,4.18629987,238624572.0
2025-09-11,4.30506015,4.39413036,4.44361381,4.29516346,277906594.0
2025-09-12,4.4535105,4.69103106,4.78010127,4.44361381,569152766.0
2025-09-15,4.6514443,4.61185754,4.73061782,4.59206416,353046395.0
2025-09-16,4.69103106,4.54258071,4.72072113,4.40402705,433578741.0
2025-09-17,4.48320057,4.58216747,4.62175423,4.44361381,298963277.0
2025-09-18,4.4535105,4.34464691,4.4535105,4.27537008,388236573.0
2025-09-19,4.32485353,4.40402705,4.41392374,4.29516346,239774437.0
2025-09-22,4.44361381,4.33475022,4.46340719,4.27537008,222546953.0
2025-09-23,4.34464691,4.2555767,4.37433698,4.16650649,281820983.0
2025-09-24,4.22588663,4.26547339,4.29516346,4.17640318,220799207.0
2025-09-25,4.5524774,4.61185754,4.68113437,4.47330388,771181170.0
2025-09-26,4.63165092,4.71082444,4.8493781,4.59206416,518123912.0
2025-09-29,4.78010127,5.10669204,5.12648542,4.74051451,568509777.0
2025-09-30,5.19576225,5.30462584,5.42338612,5.11658873,557224511.0
2025-10-09,5.66090668,5.8390471,5.8390471,5.63121661,491198435.0
2025-10-10,5.84894379,5.81925372,6.28439815,5.73018351,833436631.0
2025-10-13,5.53224971,5.73018351,5.81925372,5.49266295,625769569.0
2025-10-14,5.91822062,5.42338612,5.91822062,5.36400598,585460263.0
2025-10-15,5.46297288,5.53224971,5.5421464,5.30462584,439375222.0
2025-10-16,5.47286957,5.37390267,5.5421464,5.25514239,394993356.0
2025-10-17,5.39369605,5.16607218,5.42338612,5.1462788,358884574.0
2025-10-20,5.21555563,5.21555563,5.29472915,5.1462788,298307387.0
2025-10-21,5.2452457,5.38379936,5.43328281,5.20565894,381467960.0
2025-10-22,5.20565894,5.35410929,5.38379936,5.16607218,242270125.0
2025-10-23,5.3442126,5.45307619,5.46297288,5.27493577,231637465.0
2025-10-24,5.53224971,5.6411133,5.69059675,5.45307619,366829432.0
2025-10-27,5.75987358,5.79946034,5.938014,5.72028682,391260820.0
2025-10-28,5.5421464,5.21555563,5.55204309,5.21555563,892752855.0
2025-10-29,5.31452253,5.48276626,5.48276626,5.2452457,485152638.0
2025-10-30,5.42338612,5.46297288,5.60152654,5.38379936,392409502.0
2025-10-31,5.41348943,5.23534901,5.47286957,5.21555563,393120731.0
2025-11-03,5.20565894,5.12648542,5.21555563,4.99782845,343618747.0
2025-11-04,5.0473119,4.98793176,5.09679535,4.91865493,278618575.0
2025-11-05,4.90875824,5.05720859,5.09679535,4.87906817,242210735.0
2025-11-06,5.09679535,5.22545232,5.22545232,5.07700197,285045366.0
2025-11-07,5.17596887,5.15617549,5.21555563,5.11658873,192216384.0
2025-11-10,5.22545232,5.19576225,5.27493577,5.15617549,230602473.0
2025-11-11,5.26503908,5.11658873,5.31452253,5.09679535,227557292.0
2025-11-12,5.10669204,5.15617549,5.23534901,5.00772514,228236111.0
2025-11-13,5.25514239,5.3442126,5.39369605,5.25514239,379595318.0
2025-11-14,5.26503908,5.23534901,5.30462584,5.19576225,206101528.0
2025-11-17,5.19576225,5.13638211,5.22545232,5.10669204,183802943.0
2025-11-18,5.09679535,4.98793176,5.10669204,4.948345,241310168.0
2025-11-19,4.98793176,5.06710528,5.08689866,4.97803507,145256161.0
2025-11-20,5.06710528,5.0473119,5.13638211,5.00772514,188243392.0
2025-11-21,4.948345,4.78999796,4.95824169,4.76030789,296933961.0
2025-11-24,4.85,4.87,4.94,4.82,200484113.0
2025-11-25,4.92,4.99,5.04,4.9,183244562.0
2025-11-26,5.0,5.04,5.14,5.0,211756028.0
2025-11-27,5.12,5.07,5.16,5.06,159280966.0
2025-11-28,5.06,5.1,5.13,5.02,166067195.0
2025-12-01,5.3,5.42,5.54,5.29,473834989.0
2025-12-02,5.36,5.41,5.42,5.28,227488716.0
2025-12-03,5.4,5.54,5.6,5.38,336316529.0
2025-12-04,5.71,5.63,5.77,5.61,376665237.0
2025-12-05,5.61,5.84,5.84,5.6,424874214.0
2025-12-08,5.86,5.76,5.86,5.61,409992372.0
2025-12-09,5.7,5.47,5.7,5.41,404564962.0
2025-12-10,5.54,5.48,5.56,5.44,201458301.0
2025-12-11,5.54,5.35,5.59,5.35,248236075.0
2025-12-12,5.49,5.45,5.51,5.39,260421409.0
2025-12-15,5.35,5.39,5.47,5.3,203606574.0
2025-12-16,5.35,5.24,5.4,5.18,233643839.0
2025-12-17,5.26,5.43,5.47,5.24,255038916.0
2025-12-18,5.4,5.4,5.55,5.36,157004756.0
2025-12-19,5.4,5.46,5.5,5.33,172748894.0
2025-12-22,5.5,5.55,5.58,5.48,235457810.0
2025-12-23,5.55,5.52,5.64,5.5,236270671.0
2025-12-24,5.6,5.56,5.64,5.51,249889596.0
2025-12-25,5.5,5.52,5.56,5.43,206000467.0
2025-12-26,5.64,5.93,5.98,5.62,589746518.0
2025-12-29,6.11,5.73,6.14,5.72,594365534.0
2025-12-30,5.56,5.8,5.85,5.55,352390747.0
2025-12-31,5.79,6.01,6.2,5.76,540814387.0
2026-01-05,5.76,5.82,5.85,5.66,744951982.0
2026-01-06,5.98,5.92,6.05,5.85,582852105.0
2026-01-07,5.93,5.83,6.0,5.78,536518333.0
2026-01-08,5.76,5.7,5.89,5.66,514345350.0
2026-01-09,5.67,5.91,5.98,5.65,520480240.0
2026-01-12,6.01,5.93,6.05,5.86,443224916.0
2026-01-13,5.93,5.98,6.18,5.9,500107924.0
2026-01-14,6.03,6.12,6.25,6.03,570335445.0
2026-01-15,6.11,6.13,6.35,6.06,585361534.0
2026-01-16,6.14,6.12,6.39,6.08,606289242.0
2026-01-19,6.13,5.92,6.15,5.8,485326664.0
2026-01-20,5.99,6.04,6.1,5.8,478053617.0
2026-01-21,6.02,6.21,6.25,5.96,484391892.0
2026-01-22,6.15,6.24,6.24,6.08,439371545.0
2026-01-23,6.32,6.86,6.86,6.26,867568770.0
2026-01-26,7.3,7.55,7.55,7.1,1116182405.0
2026-01-27,7.52,7.59,8.06,7.21,1288377142.0
2026-01-28,7.73,8.35,8.35,7.46,1120271747.0
2026-01-29,8.92,9.19,9.19,8.23,1596332976.0
2026-01-30,8.8,8.27,9.08,8.27,979502546.0
2026-02-02,7.44,7.44,7.44,7.44,82363400.0
2026-02-03,7.09,7.84,7.95,6.88,1422388614.0
2026-02-04,8.08,7.66,8.09,7.49,965848258.0
2026-02-05,7.43,7.19,7.54,7.09,739374541.0
2026-02-06,6.93,7.11,7.28,6.79,641246870.0
2026-02-09,7.29,7.21,7.31,7.16,434764274.0
2026-02-10,7.22,7.11,7.3,7.08,405035059.0
2026-02-11,7.06,7.18,7.29,7.04,436415929.0
2026-02-12,7.18,7.22,7.39,7.16,496442013.0
2026-02-13,7.11,7.05,7.2,7.03,358331107.0
2026-02-24,7.25,7.51,7.68,7.21,658843348.0
2026-02-25,7.52,7.73,7.85,7.42,668368644.0
2026-02-26,7.76,7.59,7.79,7.54,462453887.0
2026-02-27,7.53,7.93,7.94,7.51,662465452.0
