日期,开盘,收盘,最高,最低,成交量
2021-03-01,9.50068536,9.59808288,9.59808288,9.43870512,21157290
2021-03-02,9.62464584,9.43870512,9.6512088,9.41214216,15271035
2021-03-03,9.3855792,9.54495696,9.5626656,9.3855792,17015819
2021-03-04,9.4741224,9.26161872,9.52724832,9.2527644,23839487
2021-03-05,9.22620144,9.50953968,9.58037424,9.21734712,32644396
2021-03-08,9.58922856,9.37672488,9.64235448,9.36787056,25951676
2021-03-09,9.3855792,9.11109528,9.42099648,9.04911504,25976270
2021-03-10,9.19078416,9.05796936,9.19963848,9.04911504,16197538
2021-03-11,9.08453232,9.17307552,9.19078416,9.05796936,16933186
2021-03-12,9.14651256,9.19078416,9.26161872,8.9871348,21665375
2021-03-15,9.075678,9.09338664,9.15536688,9.04026072,13452539
2021-03-16,9.11109528,9.22620144,9.2527644,9.075678,13933381
2021-03-17,9.24391008,9.18192984,9.26161872,9.1199496,13270160
2021-03-18,9.1642212,9.11109528,9.23505576,9.10224096,11502631
2021-03-19,9.04026072,9.04026072,9.11109528,9.00484344,13019534
2021-03-22,9.05796936,9.19078416,9.2527644,9.04911504,15772900
2021-03-23,9.17307552,9.27932736,9.42099648,9.12880392,24301537
2021-03-24,9.22620144,9.37672488,9.53610264,9.21734712,31856874
2021-03-25,9.32359896,9.33245328,9.4741224,9.28818168,16460353
2021-03-26,9.297036,9.35901624,9.40328784,9.297036,12151125
2021-03-29,9.35901624,9.297036,9.41214216,9.27932736,14012670
2021-03-30,9.30589032,9.35016192,9.37672488,9.2527644,15187796
2021-03-31,9.31474464,9.1642212,9.3855792,9.13765824,17028449
2021-04-01,9.19963848,9.21734712,9.23505576,9.12880392,9882761
2021-04-02,9.23505576,9.2084928,9.27047304,9.1642212,11889821
2021-04-06,9.27047304,9.21734712,9.297036,9.2084928,9576970
2021-04-07,9.18192984,9.19078416,9.2527644,9.14651256,11728615
2021-04-08,9.18192984,9.297036,9.4298508,9.13765824,23260749
2021-04-09,9.27932736,9.12880392,9.31474464,9.1199496,16045681
2021-04-12,9.11109528,8.96057184,9.12880392,8.93400888,18351334
2021-04-13,8.96942616,8.79233976,8.9871348,8.77463112,20003108
2021-04-14,8.82775704,8.88088296,8.91630024,8.80119408,13050440
2021-04-15,8.88088296,8.73921384,8.88088296,8.66837928,15318021
2021-04-16,8.73035952,8.86317432,8.88973728,8.73035952,11226434
2021-04-19,8.84546568,9.05796936,9.075678,8.82775704,17405318
2021-04-20,9.05796936,8.95171752,9.12880392,8.95171752,12026020
2021-04-21,8.9428632,8.90744592,8.9871348,8.88088296,8634928
2021-04-22,8.93400888,8.9428632,8.99598912,8.8985916,9598490
2021-04-23,8.90744592,8.85432,8.92515456,8.82775704,9981588
2021-04-26,8.87202864,8.65952496,8.8985916,8.65952496,16662837
2021-04-27,8.65952496,8.66837928,8.69494224,8.55327312,12518302
2021-04-28,8.65067064,8.64181632,8.69494224,8.59754472,8434247
2021-04-29,8.632962,8.91630024,8.96057184,8.62410768,23438010
2021-04-30,8.85432,8.83661136,8.92515456,8.79233976,13496158
2021-05-06,8.91630024,8.62410768,8.95171752,8.60639904,21215685
2021-05-07,8.61525336,8.5886904,8.68608792,8.56212744,13571250
2021-05-10,8.5444188,8.35847808,8.5886904,8.28764352,25799176
2021-05-11,8.3230608,8.55327312,8.59754472,8.29649784,16848169
2021-05-12,8.48243856,8.53556448,8.55327312,8.42931264,11483106
2021-05-13,8.44702128,8.47358424,8.5886904,8.44702128,8432389
2021-05-14,8.50900152,9.297036,9.32359896,8.48243856,63170109
2021-05-17,9.1199496,9.00484344,9.22620144,8.96057184,38785369
2021-05-18,8.97828048,9.04026072,9.19963848,8.95171752,19148893
2021-05-19,9.02255208,9.05796936,9.19078416,9.00484344,17721395
2021-05-20,9.05796936,9.24391008,9.32359896,8.99598912,32769425
2021-05-21,9.2084928,9.04026072,9.22620144,9.01369776,19153073
2021-05-24,9.14651256,9.7840236,9.94340136,9.10224096,138393555
2021-05-25,9.58037424,10.01423592,10.29757416,9.52724832,145912761
2021-05-26,10.0053816,9.85485816,10.20903096,9.81058656,84537816
2021-05-27,9.8282952,9.8282952,9.92569272,9.72204336,48871627
2021-05-28,9.7840236,9.81944088,10.03194456,9.67777176,58559557
2021-05-31,9.8725668,9.89027544,9.9168384,9.72204336,38241783
2021-06-01,9.81058656,9.77516928,9.81944088,9.6512088,33883945
2021-06-02,9.74860632,9.5626656,9.8282952,9.46526808,31814476
2021-06-03,9.63350016,9.44755944,9.67777176,9.4298508,28855577
2021-06-04,9.42099648,9.48297672,9.8282952,9.39443352,36390226
2021-06-07,9.50068536,9.55381128,9.6512088,9.45641376,24425331
2021-06-08,9.55381128,9.57151992,9.76631496,9.50068536,28800662
2021-06-09,9.63350016,9.52724832,9.64235448,9.48297672,18099349
2021-06-10,9.50953968,9.50953968,9.6512088,9.49183104,18835155
2021-06-11,9.49183104,9.28818168,9.50953968,9.2527644,27693037
2021-06-15,9.28818168,9.15536688,9.3413076,9.14651256,15485291
2021-06-16,9.13765824,9.1642212,9.23505576,9.05796936,16902650
2021-06-17,9.15536688,9.13765824,9.24391008,9.075678,14401198
2021-06-18,9.18192984,9.2527644,9.33245328,9.11109528,26094692
2021-06-21,9.23505576,9.24391008,9.3413076,9.2084928,14757830
2021-06-22,9.2084928,9.23505576,9.28818168,9.11109528,16764501
2021-06-23,9.2084928,9.27047304,9.32359896,9.12880392,16659353
2021-06-24,9.297036,9.32359896,9.518394,9.28818168,28582563
2021-06-25,9.35016192,9.58922856,9.66891744,9.297036,43520330
2021-06-28,9.54495696,9.4741224,9.59808288,9.43870512,19990986
2021-06-29,9.4298508,9.39443352,9.55381128,9.3413076,17991763
2021-06-30,9.41214216,9.54495696,9.55381128,9.3855792,19613471
2021-07-01,9.64235448,9.11109528,9.72204336,9.09338664,31584273
2021-07-02,9.05796936,8.9428632,9.10224096,8.88973728,23774103
2021-07-05,8.9428632,8.91630024,9.00484344,8.85432,17365566
2021-07-06,8.92515456,8.9871348,9.01369776,8.87202864,10618443
2021-07-07,8.9871348,8.96942616,9.06682368,8.9428632,17160231
2021-07-08,9.02255208,8.83661136,9.04911504,8.8100484,19480902
2021-07-09,8.8100484,8.86317432,8.8985916,8.79233976,17173936
2021-07-12,8.96057184,8.97828048,9.15536688,8.8985916,31258210
2021-07-13,8.97828048,8.97828048,9.02255208,8.92515456,15241929
2021-07-14,8.93400888,8.95171752,8.99598912,8.85432,18134100
2021-07-15,8.9607672,9.03317744,9.07843384,8.93361336,19207075
2021-07-16,9.04222872,9.03317744,9.13274152,8.9607672,19289296
2021-07-19,8.98792104,9.01507488,9.03317744,8.8702544,14425267
2021-07-20,8.95171592,8.9607672,9.04222872,8.9155108,12704540
2021-07-21,8.99697232,9.06938256,9.11463896,8.96981848,22242718
2021-07-22,9.06938256,9.1870492,9.24135688,9.02412616,26440419
2021-07-23,9.16894664,9.33186968,9.61245936,9.0965364,50657618
2021-07-26,9.33186968,9.06938256,9.4133312,9.01507488,35896987
2021-07-27,9.05128,8.79784416,9.11463896,8.74353648,30194187
2021-07-28,8.74353648,8.63492112,8.83404928,8.56251088,25801220
2021-07-29,8.69828008,8.6439724,8.78879288,8.60776728,22956963
2021-07-30,8.63492112,8.62586984,8.63492112,8.47199808,19911210
2021-08-02,8.61681856,8.89740824,8.99697232,8.48104936,32507335
2021-08-03,8.79784416,8.92456208,9.11463896,8.77069032,27760502
2021-08-04,8.8702544,8.90645952,8.93361336,8.824998,17010664
2021-08-05,8.89740824,8.83404928,8.9607672,8.77069032,15827677
2021-08-06,8.824998,8.84310056,8.9155108,8.79784416,13368392
2021-08-09,8.83404928,8.97886976,9.05128,8.80689544,19962058
2021-08-10,8.9607672,9.10558768,9.11463896,8.90645952,23784876
2021-08-11,9.05128,9.03317744,9.15084408,8.96981848,22015610
2021-08-12,9.03317744,8.99697232,9.1417928,8.95171592,16303100
2021-08-13,9.02412616,8.98792104,9.06938256,8.90645952,15762871
2021-08-16,9.03317744,9.02412616,9.13274152,8.98792104,24921854
2021-08-17,8.99697232,9.01507488,9.30471584,8.94266464,39052266
2021-08-18,8.94266464,9.51289528,9.57625424,8.93361336,72462873
2021-08-19,9.4585876,9.34997224,9.61245936,9.30471584,49239631
2021-08-20,9.34997224,9.3228184,9.4133312,9.1417928,33511836
2021-08-23,9.4133312,9.34092096,9.44048504,9.277562,25657988
2021-08-24,9.4133312,9.51289528,9.55815168,9.22325432,48017978
2021-08-25,9.4133312,9.34997224,9.48574144,9.2323056,37684165
2021-08-26,9.31376712,9.3228184,9.51289528,9.25945944,35885872
2021-08-27,9.34092096,9.34092096,9.44048504,9.24135688,24607345
2021-08-30,9.34997224,9.15084408,9.37712608,9.08748512,29443881
2021-08-31,9.1417928,9.31376712,9.38617736,9.08748512,32249241
2021-09-01,9.28661328,9.76633112,9.94735672,9.26851072,85413215
2021-09-02,9.69392088,9.85684392,10.0016644,9.65771576,67815559
2021-09-03,10.38181816,10.0469208,10.50853608,9.98356184,100696550
2021-09-06,9.956408,10.18269,10.37276688,9.93830544,73019350
2021-09-07,10.06502336,10.18269,10.25510024,9.93830544,67555012
2021-09-08,10.14648488,10.12838232,10.30035664,10.08312592,52038363
2021-09-09,10.01976696,10.30035664,10.30035664,9.94735672,60594970
2021-09-10,10.30035664,10.3184592,10.64430528,10.2279464,80640725
2021-09-13,10.28225408,10.23699768,10.47233096,10.18269,51795809
2021-09-14,10.23699768,9.92020288,10.29130536,9.87494648,44967401
2021-09-15,9.9111516,9.96545928,10.02881824,9.87494648,28742903
2021-09-16,9.956408,9.79348496,10.01071568,9.78443368,29389953
2021-09-17,9.82969008,9.8658952,9.92020288,9.76633112,23681300
2021-09-22,9.76633112,9.75727984,9.83874136,9.61245936,23446728
2021-09-23,9.80253624,10.01071568,10.01976696,9.80253624,36254609
2021-09-24,10.07407464,9.74822856,10.11933104,9.730126,31100753
2021-09-27,9.69392088,9.5491004,9.84779264,9.46763888,30077260
2021-09-28,9.5491004,9.64866448,9.69392088,9.5491004,16996934
2021-09-29,9.51289528,9.53099784,9.5943568,9.37712608,23792309
2021-09-30,9.53099784,9.48574144,9.58530552,9.43143376,14038524
2021-10-08,9.5943568,9.61245936,9.6848696,9.53099784,15914216
2021-10-11,9.62151064,9.48574144,9.66676704,9.44048504,18223838
2021-10-12,9.4585876,9.277562,9.49479272,9.17799792,22077564
2021-10-13,9.30471584,9.3228184,9.3680748,9.21420304,9314696
2021-10-14,9.34997224,9.3228184,9.35902352,9.2323056,12595523
2021-10-15,9.3228184,9.24135688,9.34997224,9.22325432,11806363
2021-10-18,9.25945944,9.31376712,9.35902352,9.21420304,11245776
2021-10-19,9.33186968,9.3680748,9.4133312,9.28661328,11018957
2021-10-20,9.3680748,9.25945944,9.39522864,9.25040816,11798078
2021-10-21,9.277562,9.30471584,9.40427992,9.21420304,16517882
2021-10-22,9.30471584,9.277562,9.3680748,9.2323056,12712228
2021-10-25,9.277562,9.28661328,9.30471584,9.03317744,29813306
2021-10-26,9.2323056,9.11463896,9.28661328,9.10558768,14980137
2021-10-27,9.11463896,8.9155108,9.11463896,8.8702544,19812218
2021-10-28,8.88835696,8.90645952,8.97886976,8.8702544,13655519
2021-10-29,8.94266464,8.94266464,9.0060236,8.76163904,17211925
2021-11-01,9.11463896,9.67581832,9.80253624,9.10558768,83408906
2021-11-02,9.5943568,9.65771576,9.87494648,9.5491004,47510983
2021-11-03,9.64866448,9.64866448,9.67581832,9.47669016,28609393
2021-11-04,9.65771576,9.56720296,9.7753824,9.48574144,21973780
2021-11-05,9.5491004,9.83874136,10.02881824,9.49479272,55703708
2021-11-08,9.75727984,9.8658952,10.0921772,9.75727984,42732036
2021-11-09,9.82969008,9.92925416,10.01071568,9.7753824,29190870
2021-11-10,9.87494648,9.98356184,10.1374336,9.8658952,34584373
2021-11-11,10.01071568,10.30035664,10.3637156,9.96545928,63011592
2021-11-12,10.16458744,10.11027976,10.21889512,9.92925416,44497092
2021-11-15,10.14648488,9.7753824,10.15553616,9.71202344,36260363
2021-11-16,9.7753824,9.74822856,9.90210032,9.61245936,29828244
2021-11-17,9.74822856,9.73917728,9.8206388,9.67581832,19160584
2021-11-18,9.73917728,9.58530552,9.74822856,9.57625424,19753831
2021-11-19,9.6396132,9.74822856,9.8206388,9.43143376,33695513
2021-11-22,9.75727984,9.70297216,9.84779264,9.65771576,22836722
2021-11-23,9.71202344,9.79348496,9.92020288,9.69392088,32199394
2021-11-24,9.81158752,9.72107472,9.84779264,9.65771576,21179112
2021-11-25,9.74822856,9.70297216,9.8206388,9.6848696,16367201
2021-11-26,9.6848696,9.48574144,9.72107472,9.4585876,24483482
2021-11-29,9.38617736,9.39522864,9.48574144,9.34092096,18977375
2021-11-30,9.42238248,9.44048504,9.54004912,9.4133312,20253861
2021-12-01,9.42238248,9.54004912,9.62151064,9.39522864,19948430
2021-12-02,9.53099784,9.53099784,9.61245936,9.49479272,17707094
2021-12-03,9.55815168,9.62151064,9.63056192,9.503844,17737719
2021-12-06,9.6848696,9.63056192,10.0016644,9.62151064,41054557
2021-12-07,9.75727984,9.8206388,9.92020288,9.66676704,33184397
2021-12-08,9.79348496,9.92925416,9.97451056,9.730126,33039262
2021-12-09,9.87494648,10.0469208,10.20984384,9.84779264,50194269
2021-12-10,9.92925416,9.87494648,10.0016644,9.78443368,39712181
2021-12-13,9.96545928,9.7753824,10.14648488,9.730126,45258983
2021-12-14,9.69392088,9.66676704,9.79348496,9.62151064,30568159
2021-12-15,9.6848696,9.80253624,9.84779264,9.65771576,25525680
2021-12-16,9.80253624,9.88399776,9.9111516,9.76633112,21250090
2021-12-17,9.90210032,9.79348496,9.98356184,9.79348496,23940806
2021-12-20,9.730126,9.85684392,9.98356184,9.69392088,31422701
2021-12-21,9.84779264,10.0016644,10.03786952,9.79348496,34572473
2021-12-22,10.0016644,9.8206388,10.02881824,9.81158752,28494417
2021-12-23,9.8206388,10.0469208,10.16458744,9.80253624,51975217
2021-12-24,10.01976696,10.08312592,10.16458744,9.92925416,34584259
2021-12-27,10.07407464,9.97451056,10.12838232,9.9111516,22204202
2021-12-28,10.0016644,9.96545928,10.0469208,9.87494648,19895167
2021-12-29,9.956408,9.90210032,10.06502336,9.89304904,18411728
2021-12-30,9.90210032,10.12838232,10.12838232,9.87494648,33933374
2021-12-31,10.06502336,10.12838232,10.16458744,10.05597208,25743874
2022-01-04,10.1374336,10.10122848,10.20984384,9.97451056,27493874
2022-01-05,10.11933104,10.0016644,10.16458744,9.98356184,28534894
2022-01-06,9.956408,9.730126,10.01071568,9.6848696,38271538
2022-01-07,9.7753824,9.78443368,9.88399776,9.73917728,23401302
2022-01-10,9.79348496,9.84779264,9.89304904,9.730126,17177173
2022-01-11,9.81158752,9.8206388,9.93830544,9.80253624,18508557
2022-01-12,9.8206388,9.8206388,9.8658952,9.73917728,15094826
2022-01-13,9.89304904,9.84779264,10.10122848,9.82969008,27337980
2022-01-14,9.75727984,9.58530552,9.79348496,9.56720296,31477637
2022-01-17,9.58530552,9.71202344,9.80253624,9.53099784,23111495
2022-01-18,9.73917728,9.9111516,10.07407464,9.69392088,37479623
2022-01-19,9.88399776,10.01976696,10.08312592,9.8658952,30844339
2022-01-20,9.94735672,10.1374336,10.20984384,9.93830544,51344004
2022-01-21,10.0921772,10.01071568,10.11933104,9.92020288,34487659
2022-01-24,10.01071568,9.9111516,10.0469208,9.85684392,28854559
2022-01-25,9.92020288,9.52194656,9.94735672,9.48574144,38478866
2022-01-26,9.62151064,9.71202344,9.72107472,9.503844,26615886
2022-01-27,9.6396132,9.4585876,9.71202344,9.42238248,24631436
2022-01-28,9.503844,9.48574144,9.60340808,9.42238248,30768584
2022-02-07,9.60340808,9.503844,9.6396132,9.4585876,21143237
2022-02-08,9.47669016,9.70297216,9.71202344,9.46763888,25907673
2022-02-09,9.66676704,9.956408,10.0016644,9.6396132,40118325
2022-02-10,9.96545928,10.0016644,10.0469208,9.8658952,28825698
2022-02-11,9.956408,9.956408,10.08312592,9.9111516,26903558
2022-02-14,9.87494648,9.63056192,9.93830544,9.57625424,28125970
2022-02-15,9.6396132,9.60340808,9.69392088,9.54004912,18412288
2022-02-16,9.65771576,9.60340808,9.71202344,9.57625424,17401575
2022-02-17,9.55815168,9.49479272,9.6848696,9.47669016,21584002
2022-02-18,9.44048504,9.5491004,9.5491004,9.42238248,20443935
2022-02-21,9.53099784,9.55815168,9.60340808,9.503844,13623332
2022-02-22,9.46763888,9.34092096,9.503844,9.31376712,22871383
2022-02-23,9.34997224,9.4133312,9.4133312,9.33186968,12831842
2022-02-24,9.33186968,9.08748512,9.35902352,8.97886976,31445517
2022-02-25,9.1417928,9.0965364,9.1870492,9.07843384,13994586
2022-02-28,9.10558768,9.15084408,9.15084408,9.01507488,16574941
2022-03-01,9.15989536,9.24135688,9.277562,9.12369024,18089876
2022-03-02,9.1870492,9.21420304,9.26851072,9.16894664,12193404
2022-03-03,9.2323056,9.2323056,9.26851072,9.19610048,10221500
2022-03-04,9.19610048,9.13274152,9.19610048,9.10558768,10443096
2022-03-07,9.10558768,9.02412616,9.15989536,8.97886976,15195121
2022-03-08,9.04222872,8.81594672,9.08748512,8.80689544,19639916
2022-03-09,8.9607672,8.87930568,9.15989536,8.5082032,46800678
2022-03-10,9.01507488,8.76163904,9.01507488,8.74353648,25993640
2022-03-11,8.67112624,9.01507488,9.05128,8.58061344,35000839
2022-03-14,8.88835696,8.9155108,9.13274152,8.86120312,29024236
2022-03-15,8.85215184,8.57156216,8.98792104,8.57156216,28015082
2022-03-16,8.68017752,9.02412616,9.08748512,8.5534596,36208546
2022-03-17,9.1417928,9.0060236,9.20515176,8.96981848,31900520
2022-03-18,8.9607672,9.01507488,9.07843384,8.93361336,20949557
2022-03-21,8.97886976,9.03317744,9.06938256,8.9607672,20799989
2022-03-22,9.1417928,9.1417928,9.1870492,9.03317744,28342345
2022-03-23,9.15084408,9.20515176,9.2323056,9.0965364,31867533
2022-03-24,8.9607672,8.85215184,8.99697232,8.83404928,30518322
2022-03-25,8.85215184,8.86120312,8.96981848,8.85215184,15238003
2022-03-28,8.84310056,8.90645952,8.93361336,8.79784416,14336205
2022-03-29,8.9155108,8.85215184,8.94266464,8.80689544,13045999
2022-03-30,8.89740824,9.06938256,9.11463896,8.8702544,25779996
2022-03-31,9.04222872,9.0060236,9.08748512,8.96981848,19548708
2022-04-01,8.97886976,9.21420304,9.24135688,8.94266464,33035755
2022-04-06,9.11463896,9.277562,9.31376712,9.0965364,24888432
2022-04-07,9.2323056,9.1417928,9.4133312,9.12369024,23253975
2022-04-08,9.1417928,9.34997224,9.38617736,9.10558768,25340224
2022-04-11,9.277562,9.31376712,9.43143376,9.2323056,33398628
2022-04-12,9.29566456,9.42238248,9.57625424,9.20515176,44138714
2022-04-13,9.33186968,9.24135688,9.44953632,9.24135688,25681902
2022-04-14,9.29566456,9.40427992,9.49479272,9.28661328,21573541
2022-04-15,9.37712608,9.277562,9.42238248,9.22325432,17616976
2022-04-18,9.1417928,9.20515176,9.3228184,9.07843384,14841821
2022-04-19,9.24135688,9.2323056,9.31376712,9.1870492,12771725
2022-04-20,9.28661328,9.0965364,9.28661328,9.05128,13019884
2022-04-21,9.05128,9.06938256,9.20515176,9.0060236,16927779
2022-04-22,9.0060236,9.06033128,9.15989536,8.98792104,18697996
2022-04-25,8.8702544,8.62586984,9.04222872,8.62586984,26829857
2022-04-26,8.6439724,8.2819212,8.69828008,8.17330584,32502323
2022-04-27,8.21856224,8.33622888,8.35433144,8.0103828,29735664
2022-04-28,8.26381864,8.15520328,8.31812632,8.04658792,18341002
2022-04-29,8.33622888,8.39958784,8.5082032,8.25476736,27871619
2022-05-05,8.30002376,8.1914084,8.33622888,8.146152,30137333
2022-05-06,8.0556392,7.98322896,8.16425456,7.97417768,31703529
2022-05-09,8.0103828,8.00133152,8.03753664,7.94702384,15602361
2022-05-10,7.92892128,8.07374176,8.12804944,7.88366488,24067128
2022-05-11,8.0556392,8.06469048,8.20951096,8.02848536,30776679
2022-05-12,8.00133152,8.03753664,8.11899816,7.97417768,19310546
2022-05-13,8.03753664,8.01943408,8.09184432,7.97417768,20509461
2022-05-16,8.06469048,7.92892128,8.09184432,7.89271616,24413202
2022-05-17,7.86556232,7.89271616,7.89271616,7.72074184,25241888
2022-05-18,7.91987,7.86556232,7.93797256,7.84745976,17446389
2022-05-19,7.76599824,7.8746136,7.88366488,7.75694696,14703445
2022-05-20,7.89271616,8.00133152,8.0103828,7.8746136,21154039
2022-05-23,8.00133152,8.0103828,8.03753664,7.9651264,18598780
2022-05-24,8.00133152,7.82030592,8.07374176,7.82030592,20989676
2022-05-25,7.81125464,7.8746136,7.88366488,7.80220336,10633092
2022-05-26,7.89271616,8.02848536,8.10994688,7.85651104,19740996
2022-05-27,8.03753664,8.00133152,8.08279304,7.93797256,14876543
2022-05-30,7.98322896,7.93797256,8.01943408,7.89271616,12503450
2022-05-31,7.95607512,8.00133152,8.02848536,7.91081872,16280000
2022-06-01,7.99228024,7.9651264,8.01943408,7.92892128,14322511
2022-06-02,7.95607512,8.04658792,8.06469048,7.92892128,18226998
2022-06-06,8.02848536,8.146152,8.16425456,8.0103828,28026844
2022-06-07,8.13710072,8.15520328,8.27286992,8.10994688,31202992
2022-06-08,8.17330584,8.31812632,8.3271776,8.12804944,36169837
2022-06-09,8.3271776,8.33622888,8.4629468,8.2819212,37501872
2022-06-10,8.29097248,8.48104936,8.51725448,8.2366648,31983669
2022-06-13,8.372434,8.35433144,8.42674168,8.27286992,29969422
2022-06-14,8.29097248,8.69828008,8.7797416,8.21856224,45851856
2022-06-15,8.7797416,9.0060236,9.30471584,8.7797416,72226834
2022-06-16,9.03317744,8.72543392,9.03317744,8.6892288,44602728
2022-06-17,8.66207496,8.76163904,8.87930568,8.57156216,33853337
2022-06-20,8.69828008,8.70733136,8.8702544,8.6892288,24996125
2022-06-21,8.67112624,8.72543392,8.824998,8.598716,24721275
2022-06-22,8.69828008,8.52630576,8.74353648,8.52630576,21055947
2022-06-23,8.5082032,8.75258776,8.83404928,8.5082032,24136638
2022-06-24,8.7797416,8.74353648,8.80689544,8.6892288,16616662
2022-06-27,8.7797416,8.74353648,8.8702544,8.69828008,22339501
2022-06-28,8.74353648,8.79784416,8.86120312,8.63492112,18798161
2022-06-29,8.76163904,8.6439724,8.87930568,8.63492112,24098809
2022-06-30,8.68017752,8.75258776,8.85215184,8.67112624,17133097
2022-07-01,8.77069032,8.6439724,8.81594672,8.63492112,14059422
2022-07-04,8.6439724,8.65302368,8.68017752,8.5534596,11911988
2022-07-05,8.66207496,8.60776728,8.70733136,8.51725448,13272049
2022-07-06,8.60776728,8.51725448,8.61681856,8.49010064,11534167
2022-07-07,8.5082032,8.48104936,8.56251088,8.48104936,10214236
2022-07-08,8.51725448,8.4176904,8.56251088,8.39958784,12873725
2022-07-11,8.42674168,8.39958784,8.47199808,8.372434,10030919
2022-07-12,8.40863912,8.4176904,8.53535704,8.372434,12322805
2022-07-13,8.42674168,8.39053656,8.47199808,8.36338272,10543969
2022-07-14,8.39053656,8.30002376,8.4176904,8.2819212,12693700
2022-07-15,8.30939826,8.04709482,8.36560614,8.04709482,18730204
2022-07-18,8.06583078,8.25319038,8.2906623,8.04709482,13124134
2022-07-19,8.2438224,8.28129432,8.3375022,8.17824654,13262010
2022-07-20,8.30939826,8.30003028,8.36560614,8.26255836,9956559
2022-07-21,8.27192634,8.26255836,8.3375022,8.25319038,10792163
2022-07-22,8.2438224,8.2438224,8.34687018,8.12203866,14239619
2022-07-25,8.20635048,8.1501426,8.2438224,8.12203866,9082675
2022-07-26,8.1501426,8.18761452,8.2438224,8.14077462,7334485
2022-07-27,8.16887856,8.17824654,8.21571846,8.1501426,7453728
2022-07-28,8.21571846,8.2438224,8.31876624,8.21571846,10913855
2022-07-29,8.2438224,8.14077462,8.2906623,8.12203866,9887488
2022-08-01,8.13140664,8.07519876,8.1501426,8.03772684,14537347
2022-08-02,7.98151896,7.85973522,7.99088694,7.70047956,23180570
2022-08-03,7.89720714,7.79415936,7.98151896,7.7754234,14642385
2022-08-04,7.8691032,7.93467906,7.94404704,7.84099926,9319457
2022-08-05,7.95341502,8.13140664,8.13140664,7.90657512,14953272
2022-08-08,8.13140664,8.14077462,8.15951058,8.09393472,9968128
2022-08-09,8.13140664,8.15951058,8.17824654,8.1033027,8164877
2022-08-10,8.1501426,8.11267068,8.22508644,8.09393472,7881172
2022-08-11,8.1969825,8.44054998,8.44991796,8.14077462,27754362
2022-08-12,8.34687018,8.45928594,8.51549382,8.3375022,17379733
2022-08-15,8.42181402,8.37497412,8.55296574,8.35623816,15536379
2022-08-16,8.39371008,8.36560614,8.44991796,8.32813422,9274801
2022-08-17,8.39371008,8.48738988,8.50612584,8.34687018,14935623
2022-08-18,8.50612584,8.431182,8.5248618,8.39371008,12652380
2022-08-19,8.44054998,8.44054998,8.49675786,8.40307806,10902349
2022-08-22,8.36560614,8.3843421,8.431182,8.35623816,10450950
2022-08-23,8.40307806,8.44991796,8.5248618,8.31876624,17078682
2022-08-24,8.44991796,8.31876624,8.58106968,8.30003028,16616994
2022-08-25,8.31876624,8.44054998,8.49675786,8.31876624,12954024
2022-08-26,8.41244604,8.41244604,8.49675786,8.37497412,9828998
2022-08-29,8.5717017,8.4780219,8.7122214,8.44054998,35552455
2022-08-30,8.431182,8.44991796,8.54359776,8.36560614,19537838
2022-08-31,8.5717017,9.2743002,9.29303616,8.5717017,137006394
2022-09-01,8.92768494,8.73095736,8.95578888,8.68411746,94526214
2022-09-02,8.72158938,8.70285342,8.82463716,8.60917362,42898267
2022-09-05,8.63727756,8.8059012,8.81526918,8.63727756,33979081
2022-09-06,8.82463716,8.8527411,8.88084504,8.73095736,32435453
2022-09-07,8.78716524,8.77779726,8.82463716,8.74969332,20357925
2022-09-08,8.81526918,8.77779726,8.87147706,8.74969332,20733879
2022-09-09,8.76842928,8.97452484,8.98389282,8.7590613,46329276
2022-09-13,8.9932608,9.04946868,9.24619626,8.93705292,49896558
2022-09-14,8.90894898,9.00262878,9.15251646,8.89021302,29737066
2022-09-15,9.06820464,9.00262878,9.14314848,8.9464209,27711033
2022-09-16,8.9464209,8.69348544,9.01199676,8.6653815,33303143
2022-09-19,8.8059012,8.87147706,9.03073272,8.73095736,29434662
2022-09-20,9.1337805,8.6653815,9.24619626,8.6185416,46402426
2022-09-21,8.65601352,8.7122214,8.76842928,8.40307806,30886632
2022-09-22,8.64664554,8.64664554,8.74969332,8.5248618,17833659
2022-09-23,8.64664554,9.06820464,9.33987606,8.63727756,66660957
2022-09-26,8.87147706,8.41244604,8.899581,8.40307806,66637435
2022-09-27,8.35623816,8.65601352,8.73095736,8.3375022,39402637
2022-09-28,8.60917362,8.48738988,8.70285342,8.46865392,25291017
2022-09-29,8.54359776,8.28129432,8.5717017,8.25319038,28596355
2022-09-30,8.28129432,8.431182,8.53422978,8.28129432,24421581
2022-10-10,8.35623816,8.59043766,8.81526918,8.31876624,43206973
2022-10-11,8.59980564,8.68411746,8.73095736,8.50612584,26277933
2022-10-12,8.68411746,8.92768494,8.97452484,8.6185416,32745653
2022-10-13,8.87147706,9.06820464,9.1806204,8.83400514,36071009
2022-10-14,9.18998838,9.07757262,9.20872434,9.00262878,30941884
2022-10-17,9.0869406,9.09630858,9.15251646,8.97452484,20682590
2022-10-18,9.10567656,8.96515686,9.15251646,8.9464209,18455631
2022-10-19,8.9932608,8.899581,9.03073272,8.86210908,13904671
2022-10-20,8.8527411,9.0869406,9.1806204,8.84337312,31609361
2022-10-21,9.33987606,8.9464209,9.43355586,8.87147706,39751309
2022-10-24,8.89021302,8.76842928,9.1806204,8.72158938,31768610
2022-10-25,8.76842928,8.899581,9.05883666,8.70285342,29862054
2022-10-26,8.91831696,8.87147706,9.04946868,8.78716524,26069899
2022-10-27,8.88084504,8.9464209,9.06820464,8.81526918,24375661
2022-10-28,8.79653322,8.60917362,8.81526918,8.58106968,33108671
2022-10-31,8.60917362,8.44054998,8.60917362,8.3375022,38131484
2022-11-01,8.45928594,8.62790958,8.62790958,8.3375022,30090977
2022-11-02,8.58106968,8.58106968,8.63727756,8.49675786,23319064
2022-11-03,8.5248618,8.49675786,8.55296574,8.431182,15203331
2022-11-04,8.49675786,8.65601352,8.73095736,8.48738988,27878560
2022-11-07,8.60917362,8.69348544,8.74969332,8.5717017,19026354
2022-11-08,8.6653815,8.67474948,8.72158938,8.60917362,12783288
2022-11-09,8.63727756,8.54359776,8.7122214,8.53422978,16232336
2022-11-10,8.54359776,8.67474948,8.7122214,8.50612584,18897557
2022-11-11,8.83400514,8.91831696,9.04946868,8.73095736,39070206
2022-11-14,8.96515686,8.96515686,9.1337805,8.91831696,33109794
2022-11-15,8.90894898,9.23682828,9.29303616,8.90894898,42007458
2022-11-16,9.21809232,9.14314848,9.26493222,9.10567656,27314776
2022-11-17,9.11504454,9.17125242,9.21809232,9.05883666,18294088
2022-11-18,9.14314848,9.09630858,9.25556424,9.04946868,18093128
2022-11-21,9.01199676,8.899581,9.0401007,8.87147706,19979007
2022-11-22,8.87147706,9.0401007,9.1337805,8.8527411,22437193
2022-11-23,9.00262878,9.07757262,9.2743002,8.97452484,23098465
2022-11-24,9.19935636,9.00262878,9.23682828,8.97452484,17088663
2022-11-25,9.05883666,9.4148199,9.80827506,9.0401007,72133610
2022-11-28,9.12441252,9.0401007,9.16188444,8.84337312,54755442
2022-11-29,9.10567656,9.34924404,9.45229182,9.05883666,51879042
2022-11-30,9.34924404,9.29303616,9.49913172,9.21809232,40246291
2022-12-01,9.45229182,9.30240414,9.59281152,9.29303616,39307545
2022-12-02,9.21809232,9.1806204,9.34924404,9.10567656,30687590
2022-12-05,9.33987606,9.56470758,9.6021795,9.29303616,46412633
2022-12-06,9.4616598,9.49913172,9.6021795,9.42418788,28106050
2022-12-07,9.45229182,9.33987606,9.48976374,9.28366818,28047357
2022-12-08,9.37734798,9.38671596,9.4148199,9.28366818,18527158
2022-12-09,9.36798,9.42418788,9.48039576,9.30240414,25288160
2022-12-12,9.34924404,9.16188444,9.34924404,9.15251646,24443476
2022-12-13,9.19935636,9.17125242,9.23682828,9.11504454,13901044
2022-12-14,9.16188444,9.25556424,9.29303616,9.11504454,15480752
2022-12-15,9.2274603,9.1806204,9.2743002,9.12441252,12169542
2022-12-16,9.1337805,9.19935636,9.23682828,9.12441252,12224562
2022-12-19,9.18998838,8.88084504,9.2274603,8.84337312,22394308
2022-12-20,8.86210908,8.84337312,8.96515686,8.78716524,12930214
2022-12-21,8.87147706,8.81526918,8.899581,8.78716524,7814500
2022-12-22,8.89021302,8.77779726,8.95578888,8.74032534,11584083
2022-12-23,8.74969332,8.76842928,8.84337312,8.72158938,8066300
2022-12-26,8.8059012,8.73095736,8.8059012,8.67474948,11602005
2022-12-27,8.77779726,8.77779726,8.86210908,8.72158938,13342786
2022-12-28,8.76842928,8.7590613,8.81526918,8.67474948,12264925
2022-12-29,8.72158938,8.7122214,8.74969332,8.63727756,10420273
2022-12-30,8.73095736,8.70285342,8.78716524,8.67474948,13362296
2023-01-03,8.59980564,8.59980564,8.62790958,8.3843421,27359141
2023-01-04,8.62790958,8.62790958,8.67474948,8.5717017,16585763
2023-01-05,8.7122214,8.73095736,8.76842928,8.62790958,21604354
2023-01-06,8.67474948,8.65601352,8.7590613,8.65601352,13929633
2023-01-09,8.73095736,8.7590613,8.88084504,8.70285342,21805921
2023-01-10,8.77779726,8.8059012,8.93705292,8.73095736,21463515
2023-01-11,8.8059012,8.7590613,8.87147706,8.74032534,14005157
2023-01-12,8.7590613,8.81526918,8.82463716,8.69348544,13530880
2023-01-13,8.81526918,8.9464209,8.9464209,8.79653322,19644899
2023-01-16,8.9932608,9.1337805,9.33050808,8.91831696,47407588
2023-01-17,9.09630858,9.21809232,9.2274603,9.0869406,25399504
2023-01-18,9.1806204,9.25556424,9.28366818,9.15251646,20518768
2023-01-19,9.21809232,9.37734798,9.38671596,9.16188444,23054739
2023-01-20,9.36798,9.31177212,9.38671596,9.2743002,20531976
2023-01-30,9.42418788,9.28366818,9.43355586,9.23682828,24349730
2023-01-31,9.2743002,9.1806204,9.31177212,9.15251646,17493041
2023-02-01,9.21809232,9.38671596,9.38671596,9.17125242,20898795
2023-02-02,9.49913172,9.2274603,9.53660364,9.21809232,30460061
2023-02-03,9.19935636,9.15251646,9.24619626,9.05883666,17146336
2023-02-06,9.09630858,9.07757262,9.12441252,9.03073272,15202630
2023-02-07,9.0869406,9.05883666,9.12441252,9.00262878,16816628
2023-02-08,9.04946868,8.97452484,9.06820464,8.95578888,12581500
2023-02-09,8.97452484,9.09630858,9.11504454,8.95578888,17342811
2023-02-10,9.06820464,9.02136474,9.09630858,8.9932608,11729832
2023-02-13,9.00262878,9.05883666,9.07757262,8.96515686,15045241
2023-02-14,9.06820464,9.03073272,9.07757262,8.97452484,15132926
2023-02-15,9.03073272,8.90894898,9.0401007,8.899581,16679835
2023-02-16,8.91831696,8.78716524,9.05883666,8.74969332,32411223
2023-02-17,8.8059012,8.70285342,8.83400514,8.69348544,18003153
2023-02-20,8.8527411,8.9932608,9.02136474,8.74969332,29272580
2023-02-21,8.9932608,9.03073272,9.06820464,8.95578888,21869201
2023-02-22,8.9932608,9.09630858,9.20872434,8.96515686,26040492
2023-02-23,9.0869406,9.12441252,9.2274603,9.07757262,19606716
2023-02-24,9.10567656,9.02136474,9.17125242,8.98389282,14886865
2023-02-27,8.96515686,8.95578888,9.0401007,8.93705292,11224051
2023-02-28,8.97452484,9.01199676,9.03073272,8.91831696,17001385
2023-03-01,9.02136474,9.14314848,9.17125242,8.9932608,22412384
2023-03-02,9.1337805,9.1806204,9.20872434,9.09630858,19367659
2023-03-03,9.18998838,9.29303616,9.3211401,9.12441252,25787235
2023-03-06,9.3211401,9.25556424,9.49913172,9.2274603,43717988
2023-03-07,9.23682828,9.31177212,9.67712334,9.20872434,80822799
2023-03-08,9.2274603,9.28366818,9.30240414,9.09630858,42619109
2023-03-09,9.24619626,9.12441252,9.2743002,9.06820464,24528010
2023-03-10,9.01199676,8.899581,9.07757262,8.89021302,26442843
2023-03-13,8.8527411,8.97452484,8.98389282,8.83400514,20680517
2023-03-14,8.90894898,8.82463716,8.95578888,8.7590613,20466278
2023-03-15,8.93705292,8.96515686,9.02136474,8.88084504,23172852
2023-03-16,8.91831696,8.8059012,8.98389282,8.8059012,19776536
2023-03-17,8.89021302,9.31177212,9.4616598,8.8527411,74471530
2023-03-20,9.28366818,9.42418788,9.78017112,9.28366818,75321692
2023-03-21,9.45229182,9.4616598,9.7426992,9.35861202,48842309
2023-03-22,9.4148199,9.47102778,9.49913172,9.33050808,34521527
2023-03-23,9.47102778,9.9768987,10.00500264,9.44292384,99043434
2023-03-24,9.836379,9.70522728,9.93942678,9.63028344,76002105
2023-03-27,9.6958593,9.81764304,9.98626668,9.65838738,68197591
2023-03-28,9.81764304,9.66775536,9.92069082,9.59281152,54526575
2023-03-29,9.6958593,9.54597162,9.72396324,9.4616598,36368872
2023-03-30,9.48039576,9.5084997,9.62091546,9.33050808,52783778
2023-03-31,9.4616598,9.4148199,9.4616598,9.30240414,39421293
2023-04-03,9.40545192,9.58344354,9.68649132,9.36798,54535375
2023-04-04,9.59281152,9.65838738,9.70522728,9.52723566,51518054
2023-04-06,9.66775536,9.72396324,9.80827506,9.53660364,50428108
2023-04-07,9.70522728,9.73333122,9.81764304,9.59281152,44653682
2023-04-10,9.82701102,9.58344354,9.85511496,9.54597162,47338992
2023-04-11,9.66775536,9.75206718,9.90195486,9.6490194,56142744
2023-04-12,9.76143516,9.7426992,9.81764304,9.65838738,34070464
2023-04-13,9.66775536,9.6021795,9.67712334,9.51786768,31913132
2023-04-14,9.62091546,9.6021795,9.65838738,9.51786768,25692951
2023-04-17,9.63965142,9.95816274,9.9768987,9.63028344,68232052
2023-04-18,9.90195486,9.89258688,9.9768987,9.81764304,45742620
2023-04-19,9.86448294,9.66775536,9.8832189,9.63028344,40308157
2023-04-20,9.67712334,9.70522728,9.72396324,9.53660364,28946644
2023-04-21,9.70522728,9.30240414,9.71459526,9.30240414,43644694
2023-04-24,9.30240414,9.21809232,9.40545192,9.18998838,26842432
2023-04-25,9.2743002,9.18998838,9.30240414,9.07757262,30771251
2023-04-26,9.18998838,9.15251646,9.2274603,9.0869406,25905232
2023-04-27,9.15251646,9.26493222,9.30240414,9.09630858,32156534
2023-04-28,9.44292384,10.09868244,10.19236224,9.35861202,147517465
2023-05-04,9.98626668,10.66076124,10.74507306,9.98626668,119672675
2023-05-05,10.6794972,11.5694553,11.72871096,10.6794972,208107442
2023-05-08,11.51324742,12.43130946,12.73108482,11.46640752,294484295
2023-05-09,12.67487694,13.59293898,13.6772508,12.4125735,379116168
2023-05-10,12.94654836,12.23458188,13.00275624,12.23458188,310004455
2023-05-11,12.01911834,11.46640752,12.0846942,11.4289356,278914873
2023-05-12,11.41019964,11.241576,11.56008732,11.22284004,159284234
2023-05-15,11.26967994,11.50387944,11.60692722,10.98864054,247412428
2023-05-16,11.36335974,11.3820957,11.79428682,11.31651984,186756306
2023-05-17,11.31651984,11.45703954,11.64439914,11.21347206,104959015
2023-05-18,11.37272772,11.3820957,11.5694553,11.16663216,118961349
2023-05-19,11.26031196,11.3352558,11.46640752,11.06358438,109776445
2023-05-22,11.241576,11.1478962,11.26967994,11.02611246,77688576
2023-05-23,11.241576,10.94180064,11.27904792,10.92306468,69773932
2023-05-24,10.88559276,10.66076124,10.89496074,10.6326573,97959436
2023-05-25,10.67012922,10.65139326,10.69823316,10.48276962,77942215
2023-05-26,10.59518538,10.67012922,10.7263371,10.52024154,64084653
2023-05-29,10.66076124,10.62328932,10.70760114,10.52960952,57590497
2023-05-30,10.61392134,10.76380902,10.8200169,10.5858174,92514233
2023-05-31,10.71696912,10.64202528,10.76380902,10.57644942,66730473
2023-06-01,10.59518538,10.84812084,11.1010563,10.57644942,121289228
2023-06-02,10.96990458,10.83875286,11.22284004,10.82938488,89925992
2023-06-05,10.84812084,10.8668568,10.98864054,10.773177,61691346
2023-06-06,10.82938488,10.70760114,11.08232034,10.64202528,81741239
2023-06-07,10.73570508,10.7263371,10.85748882,10.66076124,64027215
2023-06-08,10.69823316,10.76380902,10.9136967,10.52024154,93035272
2023-06-09,10.773177,10.6794972,10.81064892,10.57644942,55295944
2023-06-12,10.64202528,10.56708144,10.68886518,10.50150558,49166261
2023-06-13,10.56708144,10.6326573,10.6326573,10.46403366,51518237
2023-06-14,10.62328932,10.66076124,10.89496074,10.60455336,72004946
2023-06-15,10.6326573,11.3352558,11.5694553,10.6326573,205598022
2023-06-16,11.39146368,11.41956762,11.48514348,11.18536812,136013044
2023-06-19,11.2884159,11.29778388,11.36335974,11.11042428,92192476
2023-06-20,11.3352558,11.48514348,11.77555086,11.31651984,132906077
2023-06-21,11.4289356,10.94180064,11.4757755,10.93243266,102047296
2023-06-26,10.773177,10.2110982,10.78254498,10.19236224,104606341
2023-06-27,10.2110982,10.38908982,10.40782578,10.12678638,70261597
2023-06-28,10.304778,10.29541002,10.36098588,10.19236224,48105136
2023-06-29,10.2579381,10.37035386,10.52024154,10.22046618,50790852
2023-06-30,10.34224992,10.87622478,11.03548044,10.34224992,108042470
2023-07-03,10.8200169,11.0073765,11.1010563,10.78254498,76870756
2023-07-04,10.9136967,11.02611246,11.08232034,10.84812084,55037362
2023-07-05,10.96990458,10.8668568,11.01674448,10.81064892,39293381
2023-07-06,10.78254498,10.773177,10.87622478,10.70760114,38769543
2023-07-07,10.70760114,10.87622478,10.99800852,10.6794972,49462078
2023-07-10,10.94180064,10.9605366,11.08232034,10.87622478,45038921
2023-07-11,10.95116862,11.0073765,11.02611246,10.9136967,34954160
2023-07-12,11.02611246,10.89496074,11.3820957,10.88559276,73798605
2023-07-13,11.0073765,11.35399176,11.55071934,11.0073765,113287192
2023-07-14,11.27904792,11.2884159,11.41019964,11.21347206,58440801
2023-07-17,11.29795758,11.19290472,11.29795758,11.0305503,44308561
2023-07-18,11.18335446,11.25020628,11.35525914,11.13560316,40101199
2023-07-19,11.19290472,11.38390992,11.42211096,11.18335446,54740476
2023-07-20,11.43166122,11.16425394,11.45076174,11.1260529,54361513
2023-07-21,11.11650264,11.15470368,11.23110576,11.05920108,31538763
2023-07-24,11.08785186,11.13560316,11.27885706,11.0305503,26658049
2023-07-25,11.71816902,12.25298358,12.25298358,11.6990685,215255048
2023-07-26,12.25298358,12.6063432,12.82599918,12.10972968,198556174
2023-07-27,12.415338,12.30073488,12.69229554,12.20523228,114219411
2023-07-28,12.30073488,13.53271842,13.53271842,12.26253384,271475780
2023-07-31,13.55181894,12.97880334,13.79057544,12.95970282,266981952
2023-08-01,12.81644892,12.80689866,13.1793588,12.59679294,183962545
2023-08-02,12.68274528,12.66364476,13.02655464,12.63499398,119635667
2023-08-03,12.77824788,12.99790386,13.18890906,12.53949138,147545722
2023-08-04,13.2271101,12.96925308,13.62822102,12.69229554,266117023
2023-08-07,12.6063432,12.74004684,12.7495971,12.40578774,139843841
2023-08-08,12.6063432,12.87375048,13.26531114,12.3198354,195395511
2023-08-09,12.77824788,12.62544372,12.87375048,12.5585919,100403736
2023-08-10,12.6540945,12.75914736,12.75914736,12.52039086,110118121
2023-08-11,12.59679294,12.16703124,12.64454424,12.16703124,120724766
2023-08-14,11.8900737,11.8900737,12.14793072,11.87097318,97234440
2023-08-15,11.91872448,12.0333276,12.10017942,11.86142292,76605031
2023-08-16,11.90917422,11.9855763,12.3198354,11.80412136,103652000
2023-08-17,11.937825,11.91872448,12.01422708,11.7468198,85027188
2023-08-18,11.96647578,11.8423224,12.28163436,11.82322188,81732250
2023-08-21,11.71816902,11.58446538,11.78502084,11.5080633,86137438
2023-08-22,11.58446538,11.67996798,11.7945711,11.45076174,83941618
2023-08-23,11.6035659,11.43166122,11.71816902,11.42211096,58163316
2023-08-24,11.54626434,11.5558146,11.7945711,11.5080633,73369867
2023-08-25,11.51761356,11.51761356,11.67996798,11.43166122,52412878
2023-08-28,12.6063432,11.59401564,12.67319502,11.56536486,237209748
2023-08-29,11.37435966,11.47941252,11.6035659,11.18335446,114509927
2023-08-30,11.45076174,11.1260529,11.45076174,11.11650264,84801038
2023-08-31,11.16425394,11.01144978,11.24065602,10.982799,57253530
2023-09-01,11.06875134,10.90639692,11.1260529,10.86819588,52493477
2023-09-04,10.97324874,11.0305503,11.0783016,10.85864562,46990680
2023-09-05,10.982799,10.8395451,10.982799,10.80134406,43738988
2023-09-06,10.82044458,10.77269328,10.84909536,10.71539172,37872179
2023-09-07,10.77269328,10.6962912,10.87774614,10.66764042,42919866
2023-09-08,10.70584146,10.73449224,10.78224354,10.58168808,36301814
2023-09-11,10.7917938,10.97324874,11.0305503,10.71539172,57320743
2023-09-12,10.91594718,10.85864562,11.01144978,10.84909536,34184981
2023-09-13,10.85864562,10.71539172,10.8872964,10.66764042,33012823
2023-09-14,10.7440425,10.73449224,10.78224354,10.66764042,25829075
2023-09-15,10.77269328,10.61033886,10.80134406,10.5530373,45690747
2023-09-18,10.56258756,10.59123834,10.63898964,10.505286,31389570
2023-09-19,10.59123834,10.56258756,10.65809016,10.53393678,29532724
2023-09-20,10.57213782,10.54348704,10.61988912,10.51483626,23376936
2023-09-21,10.51483626,10.43843418,10.61033886,10.42888392,28942930
2023-09-22,10.44798444,10.82044458,10.8395451,10.43843418,64037756
2023-09-25,10.71539172,10.61033886,10.75359276,10.6007886,39413825
2023-09-26,10.6007886,10.51483626,10.6485399,10.505286,34447318
2023-09-27,10.505286,10.52438652,10.6007886,10.47663522,34912374
2023-09-28,10.54348704,10.49573574,10.57213782,10.32383106,41036051
2023-10-09,10.4097834,10.34293158,10.42888392,10.2187782,30524409
2023-10-10,10.42888392,10.34293158,10.48618548,10.3142808,28370892
2023-10-11,10.35248184,10.32383106,10.42888392,10.29518028,23507376
2023-10-12,10.6007886,10.75359276,10.81089432,10.48618548,92176113
2023-10-13,10.58168808,10.58168808,10.61033886,10.4575347,47987922
2023-10-16,10.56258756,10.42888392,10.57213782,10.37158236,38880385
2023-10-17,10.46708496,10.82044458,11.10695238,10.44798444,118316114
2023-10-18,10.71539172,11.0305503,11.10695238,10.68674094,116130127
2023-10-19,10.982799,10.7440425,11.15470368,10.7440425,95368658
2023-10-20,10.77269328,11.13560316,11.2693068,10.76314302,122348255
2023-10-23,11.09740212,11.3648094,11.68951824,10.7917938,134639240
2023-10-24,11.39346018,12.0333276,12.34848618,11.23110576,167287300
2023-10-25,12.1288302,11.63221668,12.21478254,11.54626434,123566960
2023-10-26,11.460312,11.77547058,11.87097318,11.44121148,86900120
2023-10-27,11.61311616,11.77547058,11.83277214,11.47941252,67150518
2023-10-30,11.6513172,11.57491512,11.72771928,11.21200524,104220294
2023-10-31,11.53671408,11.58446538,11.71816902,11.49851304,55810876
2023-11-01,11.78502084,11.5558146,11.86142292,11.5558146,48006549
2023-11-02,11.45076174,11.460312,11.6035659,11.43166122,41329394
2023-11-03,11.460312,11.46986226,11.53671408,11.33615862,47636846
2023-11-06,12.10972968,12.2720841,12.37713696,11.8900737,162506619
2023-11-07,12.21478254,12.3675867,12.7018458,12.10017942,127398111
2023-11-08,12.28163436,12.415338,12.49174008,12.19568202,95569803
2023-11-09,12.3675867,12.34848618,12.58724268,12.31028514,60072065
2023-11-10,12.28163436,12.415338,12.52994112,12.1765815,86357742
2023-11-13,12.1288302,12.43443852,12.44398878,12.00467682,75309935
2023-11-14,12.415338,12.9883536,13.6568718,12.31028514,254927823
2023-11-15,12.92150178,13.12205724,13.6568718,12.7973484,202989404
2023-11-16,12.99790386,12.92150178,13.2271101,12.892851,109803219
2023-11-17,12.85464996,12.82599918,13.0361049,12.77824788,90648624
2023-11-20,12.77824788,12.56814216,12.8450997,12.54904164,93421812
2023-11-21,12.66364476,12.45353904,12.77824788,12.42488826,84223392
2023-11-22,12.415338,12.2720841,12.49174008,12.2720841,59337594
2023-11-23,12.25298358,12.13838046,12.29118462,12.01422708,71032085
2023-11-24,12.10972968,12.1288302,12.33893592,12.02377734,87865465
2023-11-27,11.937825,12.0333276,12.21478254,11.85187266,93236912
2023-11-28,11.99512656,11.82322188,12.07152864,11.75637006,85175685
2023-11-29,11.83277214,11.81367162,11.90917422,11.66086746,72351708
2023-11-30,11.82322188,11.94737526,12.0810789,11.82322188,87164708
2023-12-01,11.89962396,12.02377734,12.06197838,11.88052344,77773406
2023-12-04,12.01422708,12.2720841,12.53949138,11.97602604,124494250
2023-12-05,12.1288302,12.21478254,12.53949138,12.09062916,130090842
2023-12-06,12.1765815,11.99512656,12.33893592,11.9855763,93634632
2023-12-07,11.937825,12.02377734,12.09062916,11.85187266,92548341
2023-12-08,11.9855763,11.68951824,12.02377734,11.57491512,135921998
2023-12-11,11.6513172,11.86142292,11.91872448,11.28840732,130536036
2023-12-12,11.82322188,11.96647578,11.99512656,11.67041772,74518740
2023-12-13,11.937825,11.85187266,12.01422708,11.82322188,60287107
2023-12-14,11.90917422,11.81367162,12.18613176,11.78502084,50972474
2023-12-15,11.8900737,11.8900737,12.15748098,11.8423224,77390037
2023-12-18,11.937825,11.937825,12.18613176,11.83277214,82986068
2023-12-19,11.85187266,11.937825,12.0810789,11.72771928,80497972
2023-12-20,11.91872448,11.48896278,11.92827474,11.460312,89825514
2023-12-21,11.37435966,11.39346018,11.51761356,11.33615862,55364597
2023-12-22,11.39346018,11.37435966,11.42211096,11.2215555,56550213
2023-12-25,11.29795758,11.28840732,11.37435966,11.20245498,35875678
2023-12-26,11.2693068,11.10695238,11.38390992,11.04965082,39812589
2023-12-27,11.14515342,11.25975654,11.39346018,11.04010056,60287548
2023-12-28,11.24065602,11.53671408,11.59401564,11.20245498,69224749
2023-12-29,11.53671408,11.5080633,11.59401564,11.42211096,44833096
2024-01-02,11.49851304,11.25020628,11.49851304,11.20245498,52540657
2024-01-03,11.25020628,11.42211096,11.63221668,11.21200524,64227410
2024-01-04,11.42211096,11.29795758,11.44121148,11.20245498,41036299
2024-01-05,11.28840732,11.21200524,11.5080633,11.15470368,56532013
2024-01-08,11.1738042,10.96369848,11.21200524,10.8872964,48825922
2024-01-09,11.00189952,10.91594718,11.05920108,10.8395451,42756740
2024-01-10,10.89684666,10.76314302,10.92549744,10.7440425,35568662
2024-01-11,10.76314302,10.9350477,10.95414822,10.66764042,47142746
2024-01-12,10.86819588,10.67719068,10.91594718,10.66764042,40436489
2024-01-15,10.61033886,10.76314302,10.8395451,10.57213782,31392124
2024-01-16,10.7440425,10.87774614,10.87774614,10.6485399,37221033
2024-01-17,10.8395451,10.66764042,10.90639692,10.66764042,37938493
2024-01-18,10.56258756,10.73449224,10.80134406,10.39068288,66970846
2024-01-19,10.65809016,10.54348704,10.66764042,10.46708496,34584943
2024-01-22,10.505286,10.2187782,10.6007886,10.08507456,47602115
2024-01-23,10.1710269,10.34293158,10.4575347,10.1232756,46755609
2024-01-24,10.41933366,10.8872964,11.00189952,10.23787872,96338527
2024-01-25,10.85864562,11.35525914,11.53671408,10.77269328,134275675
2024-01-26,11.27885706,11.5558146,11.80412136,11.20245498,112448700
2024-01-29,11.49851304,11.38390992,11.75637006,11.35525914,96143668
2024-01-30,11.3170581,11.1738042,11.5558146,11.14515342,64752443
2024-01-31,11.13560316,11.10695238,11.3170581,10.94459796,63291193
2024-02-01,10.96369848,10.8395451,11.10695238,10.71539172,66809855
2024-02-02,10.80134406,10.4097834,10.85864562,10.03732326,91204551
2024-02-05,10.2665295,9.97047144,10.41933366,9.81766728,76923942
2024-02-06,9.91316988,10.65809016,10.80134406,9.70306416,92369847
2024-02-07,10.6007886,10.6962912,10.95414822,10.5530373,85813632
2024-02-08,11.1260529,11.04010056,11.40301044,10.87774614,104281932
2024-02-19,10.82999484,10.82999484,10.95414822,10.49573574,95760738
2024-02-20,10.80134406,11.42211096,11.54626434,10.72494198,127036845
2024-02-21,11.1738042,11.28840732,11.71816902,11.04965082,140852382
2024-02-22,11.21200524,11.54626434,11.58446538,11.1738042,104561259
2024-02-23,11.48896278,11.54626434,11.61311616,11.40301044,90750960
2024-02-26,11.46986226,11.3648094,11.5558146,11.32660836,79435294
2024-02-27,11.32660836,11.57491512,11.57491512,11.29795758,74174198
2024-02-28,11.67041772,11.34570888,11.8900737,11.34570888,115363939
2024-02-29,11.28840732,11.6035659,11.6035659,11.28840732,86747800
2024-03-01,11.63221668,12.00467682,12.07152864,11.5558146,130975279
2024-03-04,11.87097318,11.76592032,11.8900737,11.67041772,87503951
2024-03-05,11.6513172,11.71816902,11.7945711,11.57491512,61250325
2024-03-06,11.70861876,11.71816902,11.85187266,11.57491512,64374519
2024-03-07,11.66086746,11.48896278,11.75637006,11.37435966,72469628
2024-03-08,11.42211096,11.44121148,11.49851304,11.37435966,41827612
2024-03-11,11.460312,11.6035659,11.6035659,11.45076174,52192791
2024-03-12,11.64176694,11.72771928,11.78502084,11.53671408,77634262
2024-03-13,11.6990685,11.54626434,11.71816902,11.5080633,48547936
2024-03-14,11.48896278,11.33615862,11.57491512,11.2215555,62193660
2024-03-15,11.27885706,11.5080633,11.5080633,11.20245498,54258498
2024-03-18,11.59401564,12.21478254,12.52039086,11.56536486,187743307
2024-03-19,12.0810789,11.8423224,12.15748098,11.83277214,87677929
2024-03-20,11.8423224,11.937825,12.11927994,11.82322188,89308779
2024-03-21,12.02377734,12.10017942,12.24343332,11.91872448,101512312
2024-03-22,12.07152864,11.95692552,12.20523228,11.86142292,93274598
2024-03-25,11.78502084,11.59401564,11.85187266,11.58446538,77402526
2024-03-26,11.56536486,11.72771928,11.77547058,11.51761356,56670837
2024-03-27,11.6990685,11.27885706,11.6990685,11.27885706,76493114
2024-03-28,11.25020628,11.28840732,11.47941252,11.24065602,58403133
2024-03-29,11.2693068,11.44121148,11.44121148,10.95414822,75030213
2024-04-01,11.57491512,11.58446538,11.63221668,11.42211096,65236718
2024-04-02,11.54626434,11.3648094,11.61311616,11.28840732,51620098
2024-04-03,11.3648094,11.32660836,11.43166122,11.23110576,38791491
2024-04-08,11.1260529,11.01144978,11.2215555,10.982799,51158149
2024-04-09,11.06875134,10.96369848,11.11650264,10.84909536,48735084
2024-04-10,10.96369848,10.66764042,10.97324874,10.56258756,56678325
2024-04-11,10.63898964,10.59123834,10.7917938,10.57213782,41748425
2024-04-12,10.58168808,10.505286,10.62943938,10.47663522,39850118
2024-04-15,10.49573574,10.76314302,10.9350477,10.35248184,89076541
2024-04-16,10.66764042,10.54348704,10.86819588,10.505286,78120028
2024-04-17,10.43843418,10.7440425,10.77269328,10.30473054,67861499
2024-04-18,10.6962912,10.78224354,10.99234926,10.63898964,70825158
2024-04-19,10.73449224,10.68674094,10.84909536,10.62943938,40517796
2024-04-22,10.61988912,10.7917938,11.05920108,10.61033886,55326388
2024-04-23,10.80134406,10.82044458,10.89684666,10.71539172,42646667
2024-04-24,10.82044458,10.78224354,10.85864562,10.70584146,38128651
2024-04-25,10.76314302,10.68674094,10.80134406,10.66764042,30934771
2024-04-26,11.08785186,11.75637006,11.75637006,10.982799,208187547
2024-04-29,11.86142292,12.11927994,12.30073488,11.72771928,205673905
2024-04-30,11.92827474,11.8900737,12.06197838,11.77547058,95771765
2024-05-06,12.02377734,11.78502084,12.10972968,11.67996798,105414158
2024-05-07,11.71816902,11.75637006,11.90917422,11.6990685,79687900
2024-05-08,11.75637006,11.57491512,11.75637006,11.48896278,65524871
2024-05-09,11.54626434,11.59401564,11.72771928,11.54626434,58475369
2024-05-10,11.6035659,11.87097318,11.91872448,11.6035659,101970581
2024-05-13,11.72771928,11.89962396,12.0333276,11.58446538,93874210
2024-05-14,11.90917422,12.01422708,12.01422708,11.7468198,80273818
2024-05-15,11.937825,11.460312,12.02377734,11.45076174,115047205
2024-05-16,11.51761356,11.460312,11.63221668,11.4125607,63468910
2024-05-17,11.4125607,11.67996798,11.67996798,11.37435966,60742765
2024-05-20,11.67041772,11.66086746,11.94737526,11.61311616,85941140
2024-05-21,11.63221668,11.58446538,11.73726954,11.53671408,46586908
2024-05-22,11.57491512,11.71816902,11.77547058,11.53671408,60181990
2024-05-23,11.67041772,11.37435966,11.67041772,11.35525914,63197325
2024-05-24,11.37435966,11.13560316,11.39346018,11.11650264,53558563
2024-05-27,11.1738042,11.21200524,11.23110576,11.0783016,47370697
2024-05-28,11.19290472,11.01144978,11.25020628,11.00189952,50270918
2024-05-29,10.982799,11.04010056,11.15470368,10.95414822,34416638
2024-05-30,10.99234926,11.00189952,11.0783016,10.8872964,40357168
2024-05-31,11.0305503,10.99234926,11.1738042,10.99234926,49860932
2024-06-03,10.92549744,10.97324874,11.01144978,10.8395451,40346097
2024-06-04,10.99234926,11.04965082,11.1260529,10.97324874,49960488
2024-06-05,11.04010056,10.96369848,11.08785186,10.92549744,31820080
2024-06-06,10.96369848,10.85864562,11.0305503,10.8395451,39865848
2024-06-07,10.92549744,10.82999484,10.9350477,10.59123834,44757694
2024-06-11,10.75359276,10.85864562,10.95414822,10.71539172,34737885
2024-06-12,10.8395451,10.85864562,10.90639692,10.77269328,24996469
2024-06-13,10.86819588,10.87774614,10.97324874,10.8395451,33441655
2024-06-14,10.85864562,11.20245498,11.38390992,10.85864562,96172020
2024-06-17,11.04010056,11.33615862,11.34570888,11.01144978,68757489
2024-06-18,11.3170581,11.4125607,11.51761356,11.29795758,57113229
2024-06-19,11.4125607,11.16425394,11.4125607,11.14515342,47360245
2024-06-20,11.14515342,11.16425394,11.24065602,11.06875134,38797253
2024-06-21,11.18335446,11.15470368,11.25020628,11.06875134,34703154
2024-06-24,11.10695238,10.97324874,11.1738042,10.9350477,34910188
2024-06-25,10.96369848,10.63898964,11.0305503,10.57213782,57755564
2024-06-26,10.61988912,10.73449224,10.76314302,10.57213782,37404858
2024-06-27,10.67719068,10.6007886,10.72494198,10.58168808,32555737
2024-06-28,10.61033886,10.37158236,10.73449224,10.1710269,68344302
2024-07-01,10.32383106,10.46708496,10.5530373,10.19012742,41530668
2024-07-02,10.47663522,10.42888392,10.53393678,10.40023314,25639315
2024-07-03,10.42888392,10.41933366,10.47663522,10.34293158,22106399
2024-07-04,10.44798444,10.14237612,10.44798444,10.1232756,42413553
2024-07-05,10.14237612,10.1232756,10.22832846,9.99912222,35646086
2024-07-08,9.90361962,9.43565688,9.9322704,9.39745584,96041801
2024-07-09,9.43565688,9.57891078,9.61711182,9.34970454,53585698
2024-07-10,9.54070974,9.56936052,9.76991598,9.5025087,39852035
2024-07-11,9.6935139,9.66486312,9.80811702,9.56936052,50151863
2024-07-12,9.65531286,9.5980113,9.70306416,9.51205896,34614438
2024-07-15,9.58846104,9.53115948,9.62666208,9.48340818,28385929
2024-07-16,9.5702194,9.68740576,9.69717129,9.54092281,34878380
2024-07-17,9.6678747,9.71670235,9.75576447,9.65810917,34604021
2024-07-18,9.6678747,9.76553,9.76553,9.55068834,34044374
2024-07-19,9.74599894,9.90224742,9.90224742,9.71670235,42361428
2024-07-22,9.99013719,9.93154401,10.02919931,9.79482659,49126137
2024-07-23,9.88271636,9.59951599,9.88271636,9.5702194,42047002
2024-07-24,9.58975046,9.57998493,9.64834364,9.4725641,38525500
2024-07-25,9.5702194,9.64834364,9.78506106,9.52139175,34483785
2024-07-26,9.61904705,9.81435765,9.93154401,9.61904705,35268271
2024-07-29,9.75576447,9.77529553,9.87295083,9.74599894,22758872
2024-07-30,9.75576447,9.80459212,9.82412318,9.67764023,27085457
2024-07-31,9.81435765,10.63466217,10.78114512,9.77529553,146811280
2024-08-01,10.4491171,10.92762807,11.16200079,10.41982051,170825660
2024-08-02,10.92762807,10.69325535,11.05457996,10.63466217,103344776
2024-08-05,10.62489664,10.56630346,10.87880042,10.55653793,71609425
2024-08-06,10.70302088,10.51747581,10.76161406,10.36122733,53718568
2024-08-07,10.47841369,10.47841369,10.61513111,10.40028945,36136901
2024-08-08,10.48817922,10.50771028,10.73231747,10.45888263,49119397
2024-08-09,10.6444277,10.47841369,10.79091065,10.45888263,45524477
2024-08-12,10.3514618,10.30263415,10.43935157,10.24404097,38112497
2024-08-13,10.32216521,10.49794475,10.49794475,10.28310309,34082147
2024-08-14,10.41982051,10.38075839,10.53700687,10.31239968,32052149
2024-08-15,10.3514618,10.46864816,10.63466217,10.34169627,45992337
2024-08-16,10.4491171,10.33193074,10.49794475,10.29286862,28006203
2024-08-19,10.27333756,10.29286862,10.41005498,10.23427544,28300540
2024-08-20,10.3514618,10.18544779,10.3514618,10.1561512,25073776
2024-08-21,10.1561512,10.1561512,10.23427544,10.10732355,19099370
2024-08-22,10.22450991,9.95107507,10.31239968,9.94130954,33504414
2024-08-23,9.9608406,10.01943378,10.1561512,9.93154401,30640392
2024-08-26,10.01943378,10.03896484,10.09755802,9.99013719,21967653
2024-08-27,10.02919931,9.95107507,10.02919931,9.90224742,21382045
2024-08-28,9.98037166,9.94130954,10.02919931,9.87295083,17236181
2024-08-29,9.88271636,9.88271636,10.04873037,9.87295083,34733550
2024-08-30,10.07802696,10.86903489,10.86903489,10.02919931,145258236
2024-09-02,10.77137959,10.42958604,10.82020724,10.3514618,129515178
2024-09-03,10.42958604,10.66395876,10.80067618,10.37099286,82420511
2024-09-04,10.60536558,10.73231747,11.01551784,10.60536558,94172953
2024-09-05,10.69325535,10.70302088,10.82020724,10.61513111,57516879
2024-09-06,11.21082844,11.2303595,11.77722918,10.82997277,256537607
2024-09-09,10.99598678,11.21082844,11.39637351,10.96669019,150465332
2024-09-10,11.18153185,11.08387655,11.26942162,10.98622125,83886093
2024-09-11,11.01551784,11.0350489,11.16200079,10.95692466,53878677
2024-09-12,11.0350489,10.97645572,11.08387655,10.9373936,45026847
2024-09-13,11.02528337,10.92762807,11.20106291,10.92762807,57601373
2024-09-18,10.84950383,10.96669019,11.06434549,10.82020724,49337053
2024-09-19,11.10340761,10.99598678,11.22059397,10.88856595,79233517
2024-09-20,10.91786254,10.92762807,10.98622125,10.80067618,50001390
2024-09-23,10.96669019,11.02528337,11.09364208,10.88856595,44273709
2024-09-24,11.3280148,11.75769812,11.86511895,10.99598678,174182823
2024-09-25,11.99207084,11.98230531,12.47058181,11.9139466,187190079
2024-09-26,11.95300872,12.4998784,12.55847158,11.87488448,145901548
2024-09-27,12.86120301,13.66197647,13.671742,12.62683029,136042505
2024-09-30,14.99985408,15.02915067,15.02915067,14.47251546,180622400
2024-10-08,16.53304229,16.53304229,16.53304229,15.7225033,174339576
2024-10-09,15.624848,14.88266772,16.55257335,14.88266772,335425463
2024-10-10,15.3318821,14.37486016,15.56625482,13.94517684,230578390
2024-10-11,14.17954956,15.10727491,15.79086201,13.93541131,257280093
2024-10-14,14.65806053,14.43345334,14.79477795,13.64244541,223545347
2024-10-15,14.1600185,13.88658366,14.50181205,13.87681813,129595949
2024-10-16,13.5740867,13.74986624,14.1600185,13.51549352,96364005
2024-10-17,13.88658366,13.70103859,14.13072191,13.68150753,81251149
2024-10-18,13.64244541,14.41392228,15.00961961,13.64244541,179623318
2024-10-21,14.21861168,14.26743933,14.44321887,14.13072191,123956596
2024-10-22,14.2576738,14.29673592,14.48228099,14.16978403,83561427
2024-10-23,14.37486016,14.11119085,14.49204652,14.05259767,96996058
2024-10-24,14.03306661,14.20884615,14.33579804,13.99400449,72775439
2024-10-25,14.2576738,14.21861168,14.43345334,14.11119085,68548242
2024-10-28,14.20884615,14.33579804,14.46274993,14.11119085,69214844
2024-10-29,14.36509463,14.14048744,14.54087417,14.12095638,69078041
2024-10-30,14.09165979,13.94517684,14.23814274,13.77916283,77481098
2024-10-31,14.02330108,14.21861168,14.5506397,14.01353555,120865465
2024-11-01,14.21861168,14.08189426,14.53110864,14.0623632,89230832
2024-11-04,14.22837721,14.62876394,14.62876394,14.16978403,111678094
2024-11-05,14.62876394,15.49789611,15.60531694,14.38462569,171104099
2024-11-06,15.624848,15.45883399,16.34749722,15.24399233,170618688
2024-11-07,15.32211657,16.43538699,16.82600819,15.16586809,193488015
2024-11-08,16.7967116,15.96664155,16.87483584,15.9178139,151516828
2024-11-11,15.624848,16.00570367,16.07406238,15.47836505,96285436
2024-11-12,15.99593814,15.45883399,16.20101427,15.3318821,93861862
2024-11-13,15.35141316,15.89828284,16.45491805,15.19516468,150878837
2024-11-14,15.89828284,16.1131245,17.13850515,15.80062754,221655727
2024-11-15,16.31820063,15.36117869,16.73811842,15.3318821,155724178
2024-11-18,15.3318821,15.15610256,15.61508247,14.91196431,105933861
2024-11-19,15.12680597,15.26352339,15.39047528,14.87290219,81966777
2024-11-20,15.21469574,15.45883399,15.74203436,15.10727491,90386716
2024-11-21,15.37094422,15.64437906,15.65414459,15.3318821,81354084
2024-11-22,15.51742717,14.70688818,15.65414459,14.69712265,91333241
2024-11-25,14.71665371,14.5506397,14.77524689,14.2576738,70968019
2024-11-26,14.54087417,14.5506397,14.91196431,14.46274993,48547963
2024-11-27,14.50181205,14.91196431,14.93149537,14.42368781,56252989
2024-11-28,14.83384007,14.89243325,15.21469574,14.80454348,58093251
2024-11-29,14.86313666,15.22446127,15.70297224,14.80454348,87824297
2024-12-02,15.14633703,15.41000634,15.68344118,14.99008855,80244022
2024-12-03,15.36117869,15.28305445,15.46859952,15.10727491,61324746
2024-12-04,15.21469574,15.20493021,15.43930293,15.07797832,50304020
2024-12-05,15.1365715,15.38070975,15.43930293,15.11704044,59323697
2024-12-06,15.41977187,15.63461353,15.8201586,15.28305445,86512583
2024-12-09,15.5271927,15.4295374,15.68344118,15.24399233,56410344
2024-12-10,16.25960745,15.46859952,16.25960745,15.43930293,106872629
2024-12-11,15.4295374,15.54672376,15.624848,15.41000634,53267043
2024-12-12,15.5565531,15.67433142,15.90988806,15.44858964,51523885
2024-12-13,15.54673824,15.08543982,15.54673824,15.07562496,67780744
2024-12-16,15.0167358,14.95784664,15.07562496,14.87932776,39087434
2024-12-17,14.9676615,14.9676615,15.07562496,14.87932776,42827946
2024-12-18,15.03636552,15.02655066,15.08543982,14.92840206,31880841
2024-12-19,14.84006832,15.0167358,15.05599524,14.80080888,31963175
2024-12-20,15.00692094,15.04618038,15.15414384,14.92840206,35101211
2024-12-23,14.9676615,14.94803178,15.28173702,14.9185872,50448890
2024-12-24,14.99710608,15.5074788,15.64488684,14.92840206,90650399
2024-12-25,15.5074788,15.47803422,15.5565531,15.29155188,51082362
2024-12-26,15.4093302,15.52710852,15.5565531,15.30136674,47949981
2024-12-27,15.49766394,15.48784908,15.81173946,15.44858964,71314704
2024-12-30,15.4093302,15.62525712,15.6547017,15.37007076,50608048
2024-12-31,15.59581254,14.94803178,15.61544226,14.94803178,66657205
2025-01-02,14.9185872,13.85858232,14.9185872,13.68191484,114340586
2025-01-03,13.85858232,13.46598792,13.90765662,13.41691362,71047985
2025-01-06,13.36783932,13.3482096,13.51506222,13.14209754,58677455
2025-01-07,13.36783932,13.46598792,13.50524736,13.26969072,38908010
2025-01-08,13.45617306,13.31876502,13.45617306,13.0046895,49985946
2025-01-09,13.30895016,13.30895016,13.42672848,13.1519124,25600326
2025-01-10,13.30895016,13.07339352,13.3972839,13.07339352,30448327
2025-01-13,12.91635576,13.22061642,13.23043128,12.88691118,31432268
2025-01-14,13.25987586,13.62302568,13.62302568,13.21080156,55359208
2025-01-15,13.5445068,13.46598792,13.57395138,13.41691362,33969894
2025-01-16,13.48561764,13.40709876,13.62302568,13.250061,40647417
2025-01-17,13.30895016,13.40709876,13.47580278,13.30895016,26659296
2025-01-20,13.4954325,13.56413652,13.7898783,13.41691362,48640133
2025-01-21,13.6426554,13.62302568,13.71135942,13.46598792,29903100
2025-01-22,13.57395138,13.50524736,13.5935811,13.3972839,26408474
2025-01-23,13.76043372,13.68191484,14.231547,13.6426554,68711878
2025-01-24,13.79969316,13.96654578,14.17265784,13.73098914,63367429
2025-01-27,14.02543494,13.71135942,14.04506466,13.71135942,40585300
2025-02-05,13.79969316,13.80950802,13.8880269,13.62302568,39108544
2025-02-06,13.78006344,13.97636064,14.0352498,13.71135942,45830786
2025-02-07,13.95673092,14.20210242,14.45728878,13.89784176,76430332
2025-02-10,14.19228756,14.20210242,14.29043616,14.0843241,44210639
2025-02-11,14.19228756,14.01562008,14.22173214,13.9371012,36806531
2025-02-12,13.9861755,14.16284298,14.1824727,13.89784176,40683191
2025-02-13,14.16284298,14.17265784,14.41802934,14.02543494,65955508
2025-02-14,14.0843241,14.22173214,14.35914018,14.07450924,40780385
2025-02-17,14.72229,14.53580766,14.7713643,14.3296956,84598443
2025-02-18,14.4278442,14.1333984,14.5259928,14.04506466,56610183
2025-02-19,14.05487952,14.66340084,14.8695129,14.05487952,84071298
2025-02-20,14.56525224,14.9185872,15.2621073,14.51617794,96992622
2025-02-21,14.90877234,15.07562496,15.13451412,14.72229,80467875
2025-02-24,15.0167358,14.75173458,15.09525468,14.63395626,60237616
2025-02-25,14.53580766,14.45728878,14.70266028,14.39839962,52036712
2025-02-26,14.44747392,15.9000732,15.9000732,14.43765906,143776020
2025-02-27,15.6056274,17.49008052,17.49008052,15.38970048,416871946
2025-02-28,17.176005,16.35155676,17.52933996,16.10618526,319159830
2025-03-03,16.08655554,15.703776,16.33192704,15.5074788,185380966
2025-03-04,15.4584045,15.53692338,15.87062862,15.42895992,135503586
2025-03-05,15.51729366,16.17488928,16.70489172,15.27192216,246804005
2025-03-06,16.18470414,16.36137162,16.67544714,16.17488928,194833237
2025-03-07,16.10618526,15.98840694,16.31229732,15.89025834,113392242
2025-03-10,15.88044348,15.96877722,16.26322302,15.72340572,102718365
2025-03-11,15.72340572,15.92951778,16.03748124,15.72340572,74857290
2025-03-12,15.92951778,16.9797078,17.5195251,15.8509989,289887663
2025-03-13,16.86192948,17.24470902,17.94156408,16.80304032,272297002
2025-03-14,17.25452388,18.3537882,18.97212438,17.25452388,403333203
2025-03-17,17.97100866,17.3723022,18.13786128,17.35267248,249438353
2025-03-18,17.5685994,17.4213765,17.64711828,17.2250793,138819034
2025-03-19,17.40174678,17.34285762,17.54896968,17.26433874,102660708
2025-03-20,17.2741536,17.30359818,17.58822912,17.25452388,98001211
2025-03-21,17.176005,16.86192948,17.62748856,16.84229976,152964350
2025-03-24,16.96007808,17.0287821,17.11711584,16.67544714,109465891
2025-03-25,16.9797078,16.45952022,17.01896724,16.35155676,108176377
2025-03-26,16.4889648,16.54785396,16.76378088,16.47914994,66480988
2025-03-27,16.46933508,16.57729854,16.80304032,16.44970536,70471013
2025-03-28,16.57729854,16.67544714,16.86192948,16.4889648,74172986
2025-03-31,16.67544714,16.31229732,16.72452144,16.05711096,93116786
2025-04-01,16.28285274,15.97859208,16.38100134,15.92951778,74313306
2025-04-02,16.0472961,16.194519,16.32211218,16.01785152,58673556
2025-04-03,15.97859208,16.12581498,16.32211218,15.93933264,51126093
2025-04-07,15.2621073,14.51617794,15.46821936,14.51617794,124169248
2025-04-08,14.66340084,14.60451168,14.80080888,14.3296956,101335061
2025-04-09,14.31006588,14.89895748,14.99710608,14.1333984,108848183
2025-04-10,15.18358842,15.29155188,15.67433142,15.0167358,112203930
2025-04-11,15.3111816,15.69396114,16.12581498,15.213033,119762222
2025-04-14,15.7528503,15.5565531,15.7528503,15.48784908,73108383
2025-04-15,15.51729366,15.5074788,15.66451656,15.41914506,44758606
2025-04-16,15.5074788,15.62525712,15.63507198,15.2621073,66885219
2025-04-17,15.5074788,15.58599768,15.83136918,15.4584045,55958666
2025-04-18,15.52710852,15.81173946,15.93933264,15.5074788,72555240
2025-04-21,15.68414628,15.81173946,16.03748124,15.61544226,66464055
2025-04-22,15.8019246,15.64488684,15.86081376,15.63507198,52763593
2025-04-23,15.7528503,15.7528503,15.79210974,15.6056274,54500823
2025-04-24,15.73322058,15.62525712,15.8019246,15.5074788,47400796
2025-04-25,15.69396114,15.7528503,15.92951778,15.66451656,66969332
2025-04-28,15.68414628,15.59581254,15.69396114,15.5074788,37099791
2025-04-29,15.56636796,15.57618282,15.63507198,15.5074788,31278093
2025-04-30,15.63507198,15.35044104,15.76266516,15.213033,71332028
2025-05-06,15.48784908,15.51729366,15.57618282,15.3111816,72288227
2025-05-07,16.08655554,15.69396114,16.18470414,15.6056274,105463011
2025-05-08,15.59581254,15.9000732,15.9982218,15.59581254,77743718
2025-05-09,15.87062862,15.53692338,15.88044348,15.48784908,57026321
2025-05-12,15.6547017,16.194519,16.22396358,15.56636796,120357952
2025-05-13,16.2926676,16.00803666,16.31229732,15.92951778,75081178
2025-05-14,15.9982218,16.56748368,16.89137406,15.8019246,150864303
2025-05-15,16.30248246,16.28285274,16.4398905,16.20433386,72257532
2025-05-16,16.194519,16.17488928,16.3417419,16.0472961,46619855
2025-05-19,16.12581498,16.27303788,16.38100134,16.01785152,45249089
2025-05-20,16.21414872,16.28285274,16.4398905,16.18470414,43629913
2025-05-21,16.20433386,16.1454447,16.3417419,16.03748124,43835643
2025-05-22,16.11600012,15.91970292,16.11600012,15.9000732,35692183
2025-05-23,15.9000732,15.6056274,16.0472961,15.59581254,50471066
2025-05-26,15.64488684,15.56636796,15.68414628,15.41914506,40150209
2025-05-27,15.56636796,15.5074788,15.56636796,15.42895992,23635449
2025-05-28,15.51729366,15.4584045,15.63507198,15.39951534,27838046
2025-05-29,15.44858964,15.63507198,15.66451656,15.43877478,37922036
2025-05-30,15.56636796,15.51729366,15.58599768,15.43877478,26801001
2025-06-03,15.41914506,15.58599768,15.69396114,15.39951534,32732114
2025-06-04,15.59581254,15.7528503,15.84118404,15.54673824,42162706
2025-06-05,15.77248002,16.07674068,16.13562984,15.72340572,66325649
2025-06-06,16.0472961,15.88044348,16.1454447,15.83136918,42662883
2025-06-09,16.08655554,16.2926676,16.46933508,16.08655554,87647495
2025-06-10,16.20433386,16.03748124,16.43007564,15.9491475,72181054
2025-06-11,16.08655554,16.61655798,16.86192948,16.07674068,117171178
2025-06-12,16.4398905,16.47914994,16.71470658,16.41044592,59581494
2025-06-13,16.41044592,16.23377844,16.4889648,16.15525956,57370271
2025-06-16,16.1454447,16.4398905,16.47914994,16.1454447,41564872
2025-06-17,16.41044592,16.46933508,16.55766882,16.35155676,36748158
2025-06-18,16.4398905,16.23377844,16.47914994,16.11600012,39377400
2025-06-19,16.15525956,15.78229488,16.21414872,15.73322058,52958957
2025-06-20,15.78229488,15.74303544,15.89025834,15.71359086,30944315
2025-06-23,15.6547017,15.98840694,16.03748124,15.6056274,41143026
2025-06-24,16.07674068,16.69507686,17.05822668,15.98840694,132434813
2025-06-25,16.7834106,17.23489416,17.35267248,16.685262,142273052
2025-06-26,17.176005,16.91100378,17.176005,16.77359574,87333012
2025-06-27,16.95026322,16.80304032,17.31341304,16.75396602,83237920
2025-06-30,16.80304032,16.8324849,16.95026322,16.60674312,53835842
2025-07-01,16.84229976,16.75396602,16.85211462,16.61655798,35343781
2025-07-02,16.74415116,16.64600256,16.82267004,16.60674312,32533669
2025-07-03,16.66563228,16.80304032,16.91100378,16.66563228,43766910
2025-07-04,16.80304032,16.74415116,17.0778564,16.64600256,68716620
2025-07-07,16.67544714,16.7834106,16.86192948,16.64600256,31223288
2025-07-08,16.76378088,16.92081864,16.98952266,16.75396602,49692703
2025-07-09,17.0287821,16.75396602,17.03859696,16.70489172,42683279
2025-07-10,16.69507686,16.91100378,16.9797078,16.69507686,52103979
2025-07-11,17.01896724,17.10730098,17.4213765,16.8815592,122688985
2025-07-14,17.14700306,17.03778648,17.19664696,17.0278577,51760876
2025-07-15,17.05764404,16.878926,17.1271455,16.7299943,55801025
2025-07-16,16.90871234,16.9782138,17.2760772,16.83921088,49872392
2025-07-17,16.91864112,17.00800014,17.03778648,16.83921088,46842092
2025-07-18,17.03778648,17.06757282,17.16686062,16.94842746,46662102
2025-07-21,16.98814258,17.45479524,17.61365572,16.96828502,86033924
2025-07-22,17.40515134,17.4250089,17.48458158,17.1767894,62965268
2025-07-23,17.5242967,17.41508012,17.84201766,17.35550744,109490632
2025-07-24,17.45479524,17.85194644,17.95123424,17.36543622,108040505
2025-07-25,17.84201766,17.71294352,17.95123424,17.65337084,65150122
2025-07-28,17.71294352,17.83208888,18.06045082,17.63351328,68219868
2025-07-29,17.7228723,17.7725162,17.8221601,17.45479524,62993263
2025-07-30,17.7725162,17.58386938,17.7725162,17.35550744,53126732
2025-07-31,17.58386938,17.0775016,17.70301474,16.95835624,73319748
2025-08-01,16.99807136,16.85906844,17.15693184,16.78956698,50245701
2025-08-04,16.79949576,16.91864112,16.9285699,16.75978064,33818358
2025-08-05,16.96828502,17.34557866,17.41508012,16.96828502,66234265
2025-08-06,17.35550744,17.29593476,17.35550744,17.18671818,38379989
2025-08-07,17.30586354,17.24629086,17.49451036,17.14700306,45116345
2025-08-08,17.23636208,17.08743038,17.23636208,17.03778648,33096770
2025-08-11,17.0775016,17.2760772,17.39522256,17.06757282,44639863
2025-08-12,17.31579232,17.35550744,17.44486646,17.24629086,40099617
2025-08-13,17.44486646,17.61365572,17.75265864,17.34557866,89119507
2025-08-14,17.6235845,17.50443914,17.84201766,17.40515134,75887842
2025-08-15,17.45479524,18.1696674,18.35831422,17.41508012,130425370
2025-08-18,18.2689552,18.34838544,18.58667616,18.0703796,113076282
2025-08-19,18.2689552,18.06045082,18.39802934,18.00087814,66758002
2025-08-20,17.99094936,18.13988106,18.15973862,17.78244498,59181725
2025-08-21,18.2193113,17.93137668,18.3185991,17.8221601,54878176
2025-08-22,17.9214479,18.72567908,18.74553664,17.88173278,117784048
2025-08-25,18.9639698,18.864682,19.13275906,18.52710348,109455573
2025-08-26,18.77532298,18.50724592,18.88453956,18.47745958,69090147
2025-08-27,18.50724592,17.95123424,18.64624884,17.93137668,95974203
2025-08-28,17.94130546,18.24909764,18.25902642,17.73280108,81545907
2025-08-29,18.368243,18.37817178,18.62639128,18.22924008,90637522
2025-09-01,18.368243,18.11009472,18.45760202,18.0703796,71893661
2025-09-02,18.09023716,17.81223132,18.15973862,17.65337084,72115710
2025-09-03,17.8221601,17.18671818,17.93137668,17.04771526,72442360
2025-09-04,17.18671818,17.01792892,17.26614842,16.86899722,62543419
2025-09-05,17.06757282,17.08743038,17.10728794,16.86899722,58989378
2025-09-08,17.05764404,16.95835624,17.08743038,16.90871234,54774398
2025-09-09,16.95835624,17.08743038,17.2760772,16.89878356,57266960
2025-09-10,17.03778648,16.94842746,17.15693184,16.90871234,37544072
2025-09-11,16.878926,17.35550744,17.35550744,16.83921088,66721927
2025-09-12,17.2760772,17.06757282,17.375365,17.04771526,54794182
2025-09-15,17.0775016,17.0775016,17.19664696,16.9782138,34667311
2025-09-16,17.06757282,17.13707428,17.23636208,16.85906844,50265147
2025-09-17,17.0775016,17.26614842,17.35550744,17.0775016,47454168
2025-09-18,17.1271455,16.7299943,17.2264333,16.55127626,74542717
2025-09-19,16.7299943,16.59099138,16.79949576,16.51156114,36683946
2025-09-22,16.61084894,16.878926,16.90871234,16.56120504,41913803
2025-09-23,16.75978064,16.64063528,16.76970942,16.46191724,36421272
2025-09-24,16.5314187,16.7299943,16.84913966,16.51156114,36338841
2025-09-25,16.6803504,16.91864112,17.11721672,16.66049284,48479328
2025-09-26,16.7796382,16.86899722,17.05764404,16.73992308,34286717
2025-09-29,16.7796382,17.65337084,17.99094936,16.76970942,127532032
2025-09-30,17.5739406,17.64344206,17.79237376,17.49451036,65785095
2025-10-09,17.56401182,17.70301474,17.74272986,17.33564988,61876065
2025-10-10,17.66329962,17.78244498,18.06045082,17.59379816,68956001
2025-10-13,17.24629086,17.61365572,17.68315718,17.2264333,52823522
2025-10-14,17.73280108,17.6732284,18.05052204,17.5739406,59361009
2025-10-15,17.73280108,17.90159034,17.95123424,17.49451036,60202854
2025-10-16,17.84201766,18.0703796,18.32852788,17.75265864,79440647
2025-10-17,18.05052204,17.74272986,18.2689552,17.7228723,62494548
2025-10-20,17.9214479,17.63351328,18.0207357,17.58386938,40561820
2025-10-21,17.69308596,17.73280108,17.9710918,17.63351328,42263306
2025-10-22,17.66329962,17.58386938,17.69308596,17.51436792,26175889
2025-10-23,17.58386938,17.64344206,17.66329962,17.2760772,36964719
2025-10-24,17.66329962,17.7228723,17.7725162,17.48458158,41657378
2025-10-27,17.95123424,17.95123424,18.11009472,17.7725162,65781331
2025-10-28,17.9710918,17.7228723,17.99094936,17.68315718,38020928
2025-10-29,17.68315718,18.01080692,18.0703796,17.68315718,47297199
2025-10-30,17.95123424,17.5739406,17.9710918,17.55408304,56749766
2025-10-31,17.69308596,17.45479524,17.73280108,17.43493768,41514917
2025-11-03,17.39522256,17.44486646,17.49451036,17.16686062,38827648
2025-11-04,17.39522256,17.2760772,17.4250089,17.19664696,27188329
2025-11-05,17.21650452,17.13707428,17.25621964,17.1271455,30829088
2025-11-06,17.16686062,17.34557866,17.39522256,17.15693184,32406062
2025-11-07,17.2760772,17.14700306,17.2760772,17.1271455,26930493
2025-11-10,17.0775016,17.23636208,17.30586354,16.99807136,38926120
2025-11-11,17.2264333,16.99807136,17.30586354,16.9782138,32300032
2025-11-12,17.0278577,16.81935332,17.0278577,16.75978064,31322010
2025-11-13,16.79949576,16.95835624,16.9782138,16.79949576,24007142
2025-11-14,16.878926,16.7299943,16.90871234,16.7299943,23307998
2025-11-17,16.7,16.52,16.76,16.45,25735165
2025-11-18,16.5,16.52,16.68,16.47,23652351
2025-11-19,16.52,16.52,16.65,16.48,19962174
2025-11-20,17.2,16.47,17.2,16.44,67556630
2025-11-21,16.25,15.88,16.37,15.8,53160533
2025-11-24,15.88,15.89,15.98,15.77,27230820
2025-11-25,15.91,15.83,16.01,15.81,38368690
2025-11-26,15.84,15.84,15.91,15.8,21246716
2025-11-27,15.8,15.86,15.96,15.79,21053207
2025-11-28,15.85,15.9,15.9,15.73,19982759
2025-12-01,15.89,15.95,15.95,15.84,25569030
2025-12-02,15.91,15.76,15.94,15.75,22173081
2025-12-03,15.79,15.68,15.85,15.66,21561683
2025-12-04,15.7,15.68,15.78,15.63,22874687
2025-12-05,15.68,15.96,16.11,15.56,54175056
2025-12-08,16.26,16.22,16.43,16.11,67797684
2025-12-09,16.08,15.95,16.14,15.87,35557013
2025-12-10,15.85,15.94,16.04,15.77,25402873
2025-12-11,15.94,15.72,15.97,15.69,26065717
2025-12-12,15.71,15.9,15.94,15.68,31301430
2025-12-15,15.75,15.93,16.13,15.71,32893283
2025-12-16,15.88,15.87,16.06,15.8,27773026
2025-12-17,15.86,16.16,16.29,15.8,46099145
2025-12-18,16.11,15.85,16.16,15.83,46747993
2025-12-19,15.81,15.9,16.01,15.8,27905316
2025-12-22,15.9,15.84,15.94,15.82,26544397
2025-12-23,15.84,15.72,15.89,15.7,27590643
2025-12-24,15.72,15.8,15.82,15.68,25764233
2025-12-25,15.79,15.95,15.99,15.77,33183811
2025-12-26,15.98,16.0,16.14,15.9,37850410
2025-12-29,15.98,15.92,16.07,15.89,24824076
2025-12-30,15.89,15.82,15.96,15.78,32611929
2025-12-31,15.83,15.72,15.93,15.7,32750504
2026-01-05,15.75,16.04,16.08,15.74,57623336
2026-01-06,16.05,16.48,16.49,16.0,83629229
2026-01-07,16.53,16.34,16.55,16.22,53546385
2026-01-08,16.27,16.04,16.27,15.97,48494783
2026-01-09,16.07,16.08,16.15,15.98,42037449
2026-01-12,16.01,16.25,16.27,15.96,58250999
2026-01-13,16.28,16.06,16.36,16.01,52950479
2026-01-14,16.06,15.98,16.35,15.91,75019755
2026-01-15,15.91,15.68,15.97,15.65,64330354
2026-01-16,15.78,15.57,15.82,15.55,45757633
2026-01-19,15.54,15.43,15.57,15.4,41984011
2026-01-20,15.44,15.51,15.53,15.4,29088484
2026-01-21,15.45,15.37,15.47,15.35,39057548
2026-01-22,15.38,15.39,15.5,15.36,29747191
2026-01-23,15.41,15.32,15.42,15.28,41604284
2026-01-26,15.29,15.33,15.47,15.27,55861610
2026-01-27,15.29,15.13,15.3,15.05,42287677
2026-01-28,15.18,14.97,15.24,14.95,53926367
2026-01-29,14.94,15.26,15.26,14.77,79475255
2026-01-30,15.16,15.02,15.26,15.01,40421097
2026-02-02,14.97,15.11,15.42,14.94,63913743
2026-02-03,15.12,15.11,15.18,14.94,50066677
2026-02-04,15.1,15.32,15.4,15.04,47409031
2026-02-05,15.3,15.37,15.46,15.24,38913551
2026-02-06,15.31,15.15,15.36,15.15,29954308
2026-02-09,15.21,15.22,15.25,15.1,26843716
2026-02-10,15.21,15.21,15.28,15.16,22722015
2026-02-11,15.22,15.12,15.23,15.11,25512589
2026-02-12,15.1,15.0,15.13,14.99,29190558
2026-02-13,15.01,14.83,15.11,14.83,30747039
2026-02-24,14.94,14.83,14.94,14.81,25373884
2026-02-25,14.84,14.7,15.04,14.66,68974159
2026-02-26,14.73,14.64,14.74,14.58,33168827
2026-02-27,14.61,14.61,14.75,14.59,32306476
